instant,dteday,season,yr,mnth,holiday,weekday,workingday,weathersit,temp,atemp,hum,windspeed,casual,registered,cnt,casual_ratio,registered_ratio
1,2011-01-01,1,0,1,0,6,0,Cloudy,0.344167,0.363625,0.805833,0.160446,331,654,985,0.33604060913705586,0.6639593908629442
2,2011-01-02,1,0,1,0,0,0,Cloudy,0.363478,0.353739,0.696087,0.248539,131,670,801,0.16354556803995007,0.83645443196005
3,2011-01-03,1,0,1,0,1,1,Clear,0.196364,0.189405,0.437273,0.248309,120,1229,1349,0.08895478131949593,0.911045218680504
4,2011-01-04,1,0,1,0,2,1,Clear,0.2,0.212122,0.590435,0.160296,108,1454,1562,0.06914212548015365,0.9308578745198464
5,2011-01-05,1,0,1,0,3,1,Clear,0.226957,0.22927,0.436957,0.1869,82,1518,1600,0.05125,0.94875
6,2011-01-06,1,0,1,0,4,1,Clear,0.204348,0.233209,0.518261,0.0895652,88,1518,1606,0.0547945205479452,0.9452054794520548
7,2011-01-07,1,0,1,0,5,1,Cloudy,0.196522,0.208839,0.498696,0.168726,148,1362,1510,0.09801324503311258,0.9019867549668874
8,2011-01-08,1,0,1,0,6,0,Cloudy,0.165,0.162254,0.535833,0.266804,68,891,959,0.07090719499478623,0.9290928050052137
9,2011-01-09,1,0,1,0,0,0,Clear,0.138333,0.116175,0.434167,0.36195,54,768,822,0.06569343065693431,0.9343065693430657
10,2011-01-10,1,0,1,0,1,1,Clear,0.150833,0.150888,0.482917,0.223267,41,1280,1321,0.031037093111279335,0.9689629068887207
11,2011-01-11,1,0,1,0,2,1,Cloudy,0.169091,0.191464,0.686364,0.122132,43,1220,1263,0.034045922406967535,0.9659540775930324
12,2011-01-12,1,0,1,0,3,1,Clear,0.172727,0.160473,0.599545,0.304627,25,1137,1162,0.021514629948364887,0.9784853700516352
13,2011-01-13,1,0,1,0,4,1,Clear,0.165,0.150883,0.470417,0.301,38,1368,1406,0.02702702702702703,0.972972972972973
14,2011-01-14,1,0,1,0,5,1,Clear,0.16087,0.188413,0.537826,0.126548,54,1367,1421,0.038001407459535536,0.9619985925404645
15,2011-01-15,1,0,1,0,6,0,Cloudy,0.233333,0.248112,0.49875,0.157963,222,1026,1248,0.1778846153846154,0.8221153846153846
16,2011-01-16,1,0,1,0,0,0,Clear,0.231667,0.234217,0.48375,0.188433,251,953,1204,0.2084717607973422,0.7915282392026578
17,2011-01-17,1,0,1,1,1,0,Cloudy,0.175833,0.176771,0.5375,0.194017,117,883,1000,0.117,0.883
18,2011-01-18,1,0,1,0,2,1,Cloudy,0.216667,0.232333,0.861667,0.146775,9,674,683,0.013177159590043924,0.986822840409956
19,2011-01-19,1,0,1,0,3,1,Cloudy,0.292174,0.298422,0.741739,0.208317,78,1572,1650,0.04727272727272727,0.9527272727272728
20,2011-01-20,1,0,1,0,4,1,Cloudy,0.261667,0.25505,0.538333,0.195904,83,1844,1927,0.043072132848988066,0.956927867151012
21,2011-01-21,1,0,1,0,5,1,Clear,0.1775,0.157833,0.457083,0.353242,75,1468,1543,0.04860661049902787,0.9513933895009722
22,2011-01-22,1,0,1,0,6,0,Clear,0.0591304,0.0790696,0.4,0.17197,93,888,981,0.09480122324159021,0.9051987767584098
23,2011-01-23,1,0,1,0,0,0,Clear,0.0965217,0.0988391,0.436522,0.2466,150,836,986,0.15212981744421908,0.847870182555781
24,2011-01-24,1,0,1,0,1,1,Clear,0.0973913,0.11793,0.491739,0.15833,86,1330,1416,0.06073446327683616,0.9392655367231638
25,2011-01-25,1,0,1,0,2,1,Cloudy,0.223478,0.234526,0.616957,0.129796,186,1799,1985,0.09370277078085643,0.9062972292191436
26,2011-01-26,1,0,1,0,3,1,Drizzling,0.2175,0.2036,0.8625,0.29385,34,472,506,0.06719367588932806,0.932806324110672
27,2011-01-27,1,0,1,0,4,1,Clear,0.195,0.2197,0.6875,0.113837,15,416,431,0.03480278422273782,0.9651972157772621
28,2011-01-28,1,0,1,0,5,1,Cloudy,0.203478,0.223317,0.793043,0.1233,38,1129,1167,0.032562125107112254,0.9674378748928878
29,2011-01-29,1,0,1,0,6,0,Clear,0.196522,0.212126,0.651739,0.145365,123,975,1098,0.11202185792349727,0.8879781420765027
30,2011-01-30,1,0,1,0,0,0,Clear,0.216522,0.250322,0.722174,0.0739826,140,956,1096,0.12773722627737227,0.8722627737226277
31,2011-01-31,1,0,1,0,1,1,Cloudy,0.180833,0.18625,0.60375,0.187192,42,1459,1501,0.02798134576948701,0.972018654230513
32,2011-02-01,1,0,2,0,2,1,Cloudy,0.192174,0.23453,0.829565,0.053213,47,1313,1360,0.03455882352941177,0.9654411764705882
33,2011-02-02,1,0,2,0,3,1,Cloudy,0.26,0.254417,0.775417,0.264308,72,1454,1526,0.047182175622542594,0.9528178243774574
34,2011-02-03,1,0,2,0,4,1,Clear,0.186957,0.177878,0.437826,0.277752,61,1489,1550,0.03935483870967742,0.9606451612903226
35,2011-02-04,1,0,2,0,5,1,Cloudy,0.211304,0.228587,0.585217,0.127839,88,1620,1708,0.05152224824355972,0.9484777517564403
36,2011-02-05,1,0,2,0,6,0,Cloudy,0.233333,0.243058,0.929167,0.161079,100,905,1005,0.09950248756218906,0.900497512437811
37,2011-02-06,1,0,2,0,0,0,Clear,0.285833,0.291671,0.568333,0.1418,354,1269,1623,0.21811460258780038,0.7818853974121996
38,2011-02-07,1,0,2,0,1,1,Clear,0.271667,0.303658,0.738333,0.0454083,120,1592,1712,0.07009345794392523,0.9299065420560748
39,2011-02-08,1,0,2,0,2,1,Clear,0.220833,0.198246,0.537917,0.36195,64,1466,1530,0.04183006535947712,0.9581699346405229
40,2011-02-09,1,0,2,0,3,1,Cloudy,0.134783,0.144283,0.494783,0.188839,53,1552,1605,0.03302180685358255,0.9669781931464174
41,2011-02-10,1,0,2,0,4,1,Clear,0.144348,0.149548,0.437391,0.221935,47,1491,1538,0.0305591677503251,0.9694408322496749
42,2011-02-11,1,0,2,0,5,1,Clear,0.189091,0.213509,0.506364,0.10855,149,1597,1746,0.08533791523482245,0.9146620847651775
43,2011-02-12,1,0,2,0,6,0,Clear,0.2225,0.232954,0.544167,0.203367,288,1184,1472,0.1956521739130435,0.8043478260869565
44,2011-02-13,1,0,2,0,0,0,Clear,0.316522,0.324113,0.457391,0.260883,397,1192,1589,0.24984266834487098,0.750157331655129
45,2011-02-14,1,0,2,0,1,1,Clear,0.415,0.39835,0.375833,0.417908,208,1705,1913,0.10872974385781495,0.891270256142185
46,2011-02-15,1,0,2,0,2,1,Clear,0.266087,0.254274,0.314348,0.291374,140,1675,1815,0.07713498622589532,0.9228650137741047
47,2011-02-16,1,0,2,0,3,1,Clear,0.318261,0.3162,0.423478,0.251791,218,1897,2115,0.10307328605200945,0.8969267139479905
48,2011-02-17,1,0,2,0,4,1,Clear,0.435833,0.428658,0.505,0.230104,259,2216,2475,0.10464646464646464,0.8953535353535353
49,2011-02-18,1,0,2,0,5,1,Clear,0.521667,0.511983,0.516667,0.264925,579,2348,2927,0.19781346088144858,0.8021865391185514
50,2011-02-19,1,0,2,0,6,0,Clear,0.399167,0.391404,0.187917,0.507463,532,1103,1635,0.3253822629969419,0.674617737003058
51,2011-02-20,1,0,2,0,0,0,Clear,0.285217,0.27733,0.407826,0.223235,639,1173,1812,0.3526490066225166,0.6473509933774835
52,2011-02-21,1,0,2,1,1,0,Cloudy,0.303333,0.284075,0.605,0.307846,195,912,1107,0.17615176151761516,0.8238482384823849
53,2011-02-22,1,0,2,0,2,1,Clear,0.182222,0.186033,0.577778,0.195683,74,1376,1450,0.05103448275862069,0.9489655172413793
54,2011-02-23,1,0,2,0,3,1,Clear,0.221739,0.245717,0.423043,0.094113,139,1778,1917,0.07250912884715702,0.927490871152843
55,2011-02-24,1,0,2,0,4,1,Cloudy,0.295652,0.289191,0.697391,0.250496,100,1707,1807,0.05534034311012728,0.9446596568898727
56,2011-02-25,1,0,2,0,5,1,Cloudy,0.364348,0.350461,0.712174,0.346539,120,1341,1461,0.08213552361396304,0.917864476386037
57,2011-02-26,1,0,2,0,6,0,Clear,0.2825,0.282192,0.537917,0.186571,424,1545,1969,0.21533773489080751,0.7846622651091925
58,2011-02-27,1,0,2,0,0,0,Clear,0.343478,0.351109,0.68,0.125248,694,1708,2402,0.28892589508742716,0.7110741049125728
59,2011-02-28,1,0,2,0,1,1,Cloudy,0.407273,0.400118,0.876364,0.289686,81,1365,1446,0.056016597510373446,0.9439834024896265
60,2011-03-01,1,0,3,0,2,1,Clear,0.266667,0.263879,0.535,0.216425,137,1714,1851,0.07401404646137223,0.9259859535386278
61,2011-03-02,1,0,3,0,3,1,Clear,0.335,0.320071,0.449583,0.307833,231,1903,2134,0.10824742268041238,0.8917525773195877
62,2011-03-03,1,0,3,0,4,1,Clear,0.198333,0.200133,0.318333,0.225754,123,1562,1685,0.07299703264094956,0.9270029673590504
63,2011-03-04,1,0,3,0,5,1,Cloudy,0.261667,0.255679,0.610417,0.203346,214,1730,1944,0.11008230452674897,0.8899176954732511
64,2011-03-05,1,0,3,0,6,0,Cloudy,0.384167,0.378779,0.789167,0.251871,640,1437,2077,0.30813673567645644,0.6918632643235436
65,2011-03-06,1,0,3,0,0,0,Cloudy,0.376522,0.366252,0.948261,0.343287,114,491,605,0.1884297520661157,0.8115702479338843
66,2011-03-07,1,0,3,0,1,1,Clear,0.261739,0.238461,0.551304,0.341352,244,1628,1872,0.13034188034188035,0.8696581196581197
67,2011-03-08,1,0,3,0,2,1,Clear,0.2925,0.3024,0.420833,0.12065,316,1817,2133,0.14814814814814814,0.8518518518518519
68,2011-03-09,1,0,3,0,3,1,Cloudy,0.295833,0.286608,0.775417,0.22015,191,1700,1891,0.10100475938656796,0.8989952406134321
69,2011-03-10,1,0,3,0,4,1,Drizzling,0.389091,0.385668,0.0,0.261877,46,577,623,0.0738362760834671,0.9261637239165329
70,2011-03-11,1,0,3,0,5,1,Cloudy,0.316522,0.305,0.649565,0.23297,247,1730,1977,0.12493677288821446,0.8750632271117855
71,2011-03-12,1,0,3,0,6,0,Clear,0.329167,0.32575,0.594583,0.220775,724,1408,2132,0.3395872420262664,0.6604127579737336
72,2011-03-13,1,0,3,0,0,0,Clear,0.384348,0.380091,0.527391,0.270604,982,1435,2417,0.4062887877534133,0.5937112122465866
73,2011-03-14,1,0,3,0,1,1,Clear,0.325217,0.332,0.496957,0.136926,359,1687,2046,0.17546432062561096,0.8245356793743891
74,2011-03-15,1,0,3,0,2,1,Cloudy,0.317391,0.318178,0.655652,0.184309,289,1767,2056,0.14056420233463035,0.8594357976653697
75,2011-03-16,1,0,3,0,3,1,Cloudy,0.365217,0.36693,0.776522,0.203117,321,1871,2192,0.14644160583941607,0.853558394160584
76,2011-03-17,1,0,3,0,4,1,Clear,0.415,0.410333,0.602917,0.209579,424,2320,2744,0.15451895043731778,0.8454810495626822
77,2011-03-18,1,0,3,0,5,1,Clear,0.54,0.527009,0.525217,0.231017,884,2355,3239,0.27292374189564683,0.7270762581043532
78,2011-03-19,1,0,3,0,6,0,Clear,0.4725,0.466525,0.379167,0.368167,1424,1693,3117,0.45684953480911134,0.5431504651908887
79,2011-03-20,1,0,3,0,0,0,Clear,0.3325,0.32575,0.47375,0.207721,1047,1424,2471,0.4237150951031971,0.576284904896803
80,2011-03-21,2,0,3,0,1,1,Cloudy,0.430435,0.409735,0.737391,0.288783,401,1676,2077,0.19306692344727974,0.8069330765527203
81,2011-03-22,2,0,3,0,2,1,Clear,0.441667,0.440642,0.624583,0.22575,460,2243,2703,0.1701812800591935,0.8298187199408065
82,2011-03-23,2,0,3,0,3,1,Cloudy,0.346957,0.337939,0.839565,0.234261,203,1918,2121,0.09570957095709572,0.9042904290429042
83,2011-03-24,2,0,3,0,4,1,Cloudy,0.285,0.270833,0.805833,0.243787,166,1699,1865,0.08900804289544235,0.9109919571045576
84,2011-03-25,2,0,3,0,5,1,Clear,0.264167,0.256312,0.495,0.230725,300,1910,2210,0.13574660633484162,0.8642533936651584
85,2011-03-26,2,0,3,0,6,0,Clear,0.265833,0.257571,0.394167,0.209571,981,1515,2496,0.39302884615384615,0.6069711538461539
86,2011-03-27,2,0,3,0,0,0,Cloudy,0.253043,0.250339,0.493913,0.1843,472,1221,1693,0.27879503839338454,0.7212049616066155
87,2011-03-28,2,0,3,0,1,1,Clear,0.264348,0.257574,0.302174,0.212204,222,1806,2028,0.10946745562130178,0.8905325443786982
88,2011-03-29,2,0,3,0,2,1,Clear,0.3025,0.292908,0.314167,0.226996,317,2108,2425,0.13072164948453607,0.8692783505154639
89,2011-03-30,2,0,3,0,3,1,Cloudy,0.3,0.29735,0.646667,0.172888,168,1368,1536,0.109375,0.890625
90,2011-03-31,2,0,3,0,4,1,Drizzling,0.268333,0.257575,0.918333,0.217646,179,1506,1685,0.10623145400593471,0.8937685459940653
91,2011-04-01,2,0,4,0,5,1,Cloudy,0.3,0.283454,0.68625,0.258708,307,1920,2227,0.13785361472833407,0.8621463852716659
92,2011-04-02,2,0,4,0,6,0,Cloudy,0.315,0.315637,0.65375,0.197146,898,1354,2252,0.3987566607460036,0.6012433392539964
93,2011-04-03,2,0,4,0,0,0,Clear,0.378333,0.378767,0.48,0.182213,1651,1598,3249,0.5081563558017852,0.49184364419821486
94,2011-04-04,2,0,4,0,1,1,Clear,0.573333,0.542929,0.42625,0.385571,734,2381,3115,0.23563402889245585,0.7643659711075441
95,2011-04-05,2,0,4,0,2,1,Cloudy,0.414167,0.39835,0.642083,0.388067,167,1628,1795,0.09303621169916435,0.9069637883008357
96,2011-04-06,2,0,4,0,3,1,Clear,0.390833,0.387608,0.470833,0.263063,413,2395,2808,0.14707977207977208,0.8529202279202279
97,2011-04-07,2,0,4,0,4,1,Clear,0.4375,0.433696,0.602917,0.162312,571,2570,3141,0.18178923909582936,0.8182107609041707
98,2011-04-08,2,0,4,0,5,1,Cloudy,0.335833,0.324479,0.83625,0.226992,172,1299,1471,0.11692726036709722,0.8830727396329028
99,2011-04-09,2,0,4,0,6,0,Cloudy,0.3425,0.341529,0.8775,0.133083,879,1576,2455,0.35804480651731163,0.6419551934826884
100,2011-04-10,2,0,4,0,0,0,Cloudy,0.426667,0.426737,0.8575,0.146767,1188,1707,2895,0.41036269430051814,0.5896373056994819
101,2011-04-11,2,0,4,0,1,1,Cloudy,0.595652,0.565217,0.716956,0.324474,855,2493,3348,0.2553763440860215,0.7446236559139785
102,2011-04-12,2,0,4,0,2,1,Cloudy,0.5025,0.493054,0.739167,0.274879,257,1777,2034,0.1263520157325467,0.8736479842674533
103,2011-04-13,2,0,4,0,3,1,Cloudy,0.4125,0.417283,0.819167,0.250617,209,1953,2162,0.09666975023126735,0.9033302497687327
104,2011-04-14,2,0,4,0,4,1,Clear,0.4675,0.462742,0.540417,0.1107,529,2738,3267,0.16192225283134373,0.8380777471686562
105,2011-04-15,2,0,4,1,5,0,Clear,0.446667,0.441913,0.67125,0.226375,642,2484,3126,0.2053742802303263,0.7946257197696737
106,2011-04-16,2,0,4,0,6,0,Drizzling,0.430833,0.425492,0.888333,0.340808,121,674,795,0.15220125786163521,0.8477987421383648
107,2011-04-17,2,0,4,0,0,0,Clear,0.456667,0.445696,0.479583,0.303496,1558,2186,3744,0.41613247863247865,0.5838675213675214
108,2011-04-18,2,0,4,0,1,1,Clear,0.5125,0.503146,0.5425,0.163567,669,2760,3429,0.19510061242344706,0.8048993875765529
109,2011-04-19,2,0,4,0,2,1,Cloudy,0.505833,0.489258,0.665833,0.157971,409,2795,3204,0.12765293383270912,0.8723470661672909
110,2011-04-20,2,0,4,0,3,1,Clear,0.595,0.564392,0.614167,0.241925,613,3331,3944,0.15542596348884383,0.8445740365111561
111,2011-04-21,2,0,4,0,4,1,Clear,0.459167,0.453892,0.407083,0.325258,745,3444,4189,0.1778467414657436,0.8221532585342564
112,2011-04-22,2,0,4,0,5,1,Cloudy,0.336667,0.321954,0.729583,0.219521,177,1506,1683,0.1051693404634581,0.8948306595365418
113,2011-04-23,2,0,4,0,6,0,Cloudy,0.46,0.450121,0.887917,0.230725,1462,2574,4036,0.3622398414271556,0.6377601585728444
114,2011-04-24,2,0,4,0,0,0,Cloudy,0.581667,0.551763,0.810833,0.192175,1710,2481,4191,0.408017179670723,0.5919828203292771
115,2011-04-25,2,0,4,0,1,1,Clear,0.606667,0.5745,0.776667,0.185333,773,3300,4073,0.18978639823226123,0.8102136017677388
116,2011-04-26,2,0,4,0,2,1,Clear,0.631667,0.594083,0.729167,0.3265,678,3722,4400,0.15409090909090908,0.8459090909090909
117,2011-04-27,2,0,4,0,3,1,Cloudy,0.62,0.575142,0.835417,0.3122,547,3325,3872,0.1412706611570248,0.8587293388429752
118,2011-04-28,2,0,4,0,4,1,Cloudy,0.6175,0.578929,0.700833,0.320908,569,3489,4058,0.1402168555938886,0.8597831444061114
119,2011-04-29,2,0,4,0,5,1,Clear,0.51,0.497463,0.457083,0.240063,878,3717,4595,0.19107725788900978,0.8089227421109902
120,2011-04-30,2,0,4,0,6,0,Clear,0.4725,0.464021,0.503333,0.235075,1965,3347,5312,0.3699171686746988,0.6300828313253012
121,2011-05-01,2,0,5,0,0,0,Cloudy,0.451667,0.448204,0.762083,0.106354,1138,2213,3351,0.339600119367353,0.660399880632647
122,2011-05-02,2,0,5,0,1,1,Cloudy,0.549167,0.532833,0.73,0.183454,847,3554,4401,0.19245625994092252,0.8075437400590775
123,2011-05-03,2,0,5,0,2,1,Cloudy,0.616667,0.582079,0.697083,0.342667,603,3848,4451,0.1354751741181757,0.8645248258818243
124,2011-05-04,2,0,5,0,3,1,Cloudy,0.414167,0.40465,0.737083,0.328996,255,2378,2633,0.09684770224078998,0.90315229775921
125,2011-05-05,2,0,5,0,4,1,Clear,0.459167,0.441917,0.444167,0.295392,614,3819,4433,0.1385066546356869,0.8614933453643131
126,2011-05-06,2,0,5,0,5,1,Clear,0.479167,0.474117,0.59,0.228246,894,3714,4608,0.19401041666666666,0.8059895833333334
127,2011-05-07,2,0,5,0,6,0,Clear,0.52,0.512621,0.54125,0.16045,1612,3102,4714,0.3419601187950785,0.6580398812049215
128,2011-05-08,2,0,5,0,0,0,Clear,0.528333,0.518933,0.631667,0.0746375,1401,2932,4333,0.32333256404338795,0.676667435956612
129,2011-05-09,2,0,5,0,1,1,Clear,0.5325,0.525246,0.58875,0.176,664,3698,4362,0.1522237505731316,0.8477762494268684
130,2011-05-10,2,0,5,0,2,1,Clear,0.5325,0.522721,0.489167,0.115671,694,4109,4803,0.14449302519258797,0.855506974807412
131,2011-05-11,2,0,5,0,3,1,Clear,0.5425,0.5284,0.632917,0.120642,550,3632,4182,0.13151602104256338,0.8684839789574367
132,2011-05-12,2,0,5,0,4,1,Clear,0.535,0.523363,0.7475,0.189667,695,4169,4864,0.14288651315789475,0.8571134868421053
133,2011-05-13,2,0,5,0,5,1,Cloudy,0.5125,0.4943,0.863333,0.179725,692,3413,4105,0.16857490864799027,0.8314250913520097
134,2011-05-14,2,0,5,0,6,0,Cloudy,0.520833,0.500629,0.9225,0.13495,902,2507,3409,0.26459372249926666,0.7354062775007334
135,2011-05-15,2,0,5,0,0,0,Cloudy,0.5625,0.536,0.867083,0.152979,1582,2971,4553,0.3474632110696244,0.6525367889303756
136,2011-05-16,2,0,5,0,1,1,Clear,0.5775,0.550512,0.787917,0.126871,773,3185,3958,0.19530065689742293,0.8046993431025771
137,2011-05-17,2,0,5,0,2,1,Cloudy,0.561667,0.538529,0.837917,0.277354,678,3445,4123,0.16444336648071792,0.8355566335192821
138,2011-05-18,2,0,5,0,3,1,Cloudy,0.55,0.527158,0.87,0.201492,536,3319,3855,0.1390402075226978,0.8609597924773023
139,2011-05-19,2,0,5,0,4,1,Cloudy,0.530833,0.510742,0.829583,0.108213,735,3840,4575,0.16065573770491803,0.839344262295082
140,2011-05-20,2,0,5,0,5,1,Clear,0.536667,0.529042,0.719583,0.125013,909,4008,4917,0.18486882245271508,0.8151311775472849
141,2011-05-21,2,0,5,0,6,0,Clear,0.6025,0.571975,0.626667,0.12065,2258,3547,5805,0.38897502153316105,0.6110249784668389
142,2011-05-22,2,0,5,0,0,0,Clear,0.604167,0.5745,0.749583,0.148008,1576,3084,4660,0.3381974248927039,0.6618025751072961
143,2011-05-23,2,0,5,0,1,1,Cloudy,0.631667,0.590296,0.81,0.233842,836,3438,4274,0.19560131024801122,0.8043986897519888
144,2011-05-24,2,0,5,0,2,1,Cloudy,0.66,0.604813,0.740833,0.207092,659,3833,4492,0.1467052537845058,0.8532947462154942
145,2011-05-25,2,0,5,0,3,1,Clear,0.660833,0.615542,0.69625,0.154233,740,4238,4978,0.14865407794294896,0.8513459220570511
146,2011-05-26,2,0,5,0,4,1,Clear,0.708333,0.654688,0.6775,0.199642,758,3919,4677,0.16206970280094077,0.8379302971990592
147,2011-05-27,2,0,5,0,5,1,Clear,0.681667,0.637008,0.65375,0.240679,871,3808,4679,0.1861508869416542,0.8138491130583458
148,2011-05-28,2,0,5,0,6,0,Clear,0.655833,0.612379,0.729583,0.230092,2001,2757,4758,0.42055485498108447,0.5794451450189155
149,2011-05-29,2,0,5,0,0,0,Clear,0.6675,0.61555,0.81875,0.213938,2355,2433,4788,0.4918546365914787,0.5081453634085213
150,2011-05-30,2,0,5,1,1,0,Clear,0.733333,0.671092,0.685,0.131225,1549,2549,4098,0.37798926305514885,0.6220107369448511
151,2011-05-31,2,0,5,0,2,1,Clear,0.775,0.725383,0.636667,0.111329,673,3309,3982,0.16901054746358612,0.8309894525364139
152,2011-06-01,2,0,6,0,3,1,Cloudy,0.764167,0.720967,0.677083,0.207092,513,3461,3974,0.12908907901358832,0.8709109209864117
153,2011-06-02,2,0,6,0,4,1,Clear,0.715,0.643942,0.305,0.292287,736,4232,4968,0.14814814814814814,0.8518518518518519
154,2011-06-03,2,0,6,0,5,1,Clear,0.62,0.587133,0.354167,0.253121,898,4414,5312,0.1690512048192771,0.8309487951807228
155,2011-06-04,2,0,6,0,6,0,Clear,0.635,0.594696,0.45625,0.123142,1869,3473,5342,0.34986896293523023,0.6501310370647697
156,2011-06-05,2,0,6,0,0,0,Cloudy,0.648333,0.616804,0.6525,0.138692,1685,3221,4906,0.3434569914390542,0.6565430085609458
157,2011-06-06,2,0,6,0,1,1,Clear,0.678333,0.621858,0.6,0.121896,673,3875,4548,0.14797713280562885,0.8520228671943711
158,2011-06-07,2,0,6,0,2,1,Clear,0.7075,0.65595,0.597917,0.187808,763,4070,4833,0.1578729567556383,0.8421270432443617
159,2011-06-08,2,0,6,0,3,1,Clear,0.775833,0.727279,0.622083,0.136817,676,3725,4401,0.15360145421495114,0.8463985457850488
160,2011-06-09,2,0,6,0,4,1,Cloudy,0.808333,0.757579,0.568333,0.149883,563,3352,3915,0.1438058748403576,0.8561941251596424
161,2011-06-10,2,0,6,0,5,1,Clear,0.755,0.703292,0.605,0.140554,815,3771,4586,0.17771478412559966,0.8222852158744004
162,2011-06-11,2,0,6,0,6,0,Clear,0.725,0.678038,0.654583,0.15485,1729,3237,4966,0.3481675392670157,0.6518324607329843
163,2011-06-12,2,0,6,0,0,0,Clear,0.6925,0.643325,0.747917,0.163567,1467,2993,4460,0.3289237668161435,0.6710762331838565
164,2011-06-13,2,0,6,0,1,1,Clear,0.635,0.601654,0.494583,0.30535,863,4157,5020,0.17191235059760956,0.8280876494023904
165,2011-06-14,2,0,6,0,2,1,Clear,0.604167,0.591546,0.507083,0.269283,727,4164,4891,0.14864035984461255,0.8513596401553875
166,2011-06-15,2,0,6,0,3,1,Clear,0.626667,0.587754,0.471667,0.167912,769,4411,5180,0.14845559845559844,0.8515444015444016
167,2011-06-16,2,0,6,0,4,1,Cloudy,0.628333,0.595346,0.688333,0.206471,545,3222,3767,0.14467746217148925,0.8553225378285108
168,2011-06-17,2,0,6,0,5,1,Clear,0.649167,0.600383,0.735833,0.143029,863,3981,4844,0.17815854665565647,0.8218414533443436
169,2011-06-18,2,0,6,0,6,0,Clear,0.696667,0.643954,0.670417,0.119408,1807,3312,5119,0.352998632545419,0.6470013674545809
170,2011-06-19,2,0,6,0,0,0,Cloudy,0.699167,0.645846,0.666667,0.102,1639,3105,4744,0.34548903878583476,0.6545109612141653
171,2011-06-20,2,0,6,0,1,1,Cloudy,0.635,0.595346,0.74625,0.155475,699,3311,4010,0.1743142144638404,0.8256857855361596
172,2011-06-21,3,0,6,0,2,1,Cloudy,0.680833,0.637646,0.770417,0.171025,774,4061,4835,0.16008273009307136,0.8399172699069286
173,2011-06-22,3,0,6,0,3,1,Clear,0.733333,0.693829,0.7075,0.172262,661,3846,4507,0.14666074994453074,0.8533392500554693
174,2011-06-23,3,0,6,0,4,1,Cloudy,0.728333,0.693833,0.703333,0.238804,746,4044,4790,0.155741127348643,0.844258872651357
175,2011-06-24,3,0,6,0,5,1,Clear,0.724167,0.656583,0.573333,0.222025,969,4022,4991,0.1941494690442797,0.8058505309557203
176,2011-06-25,3,0,6,0,6,0,Clear,0.695,0.643313,0.483333,0.209571,1782,3420,5202,0.34256055363321797,0.657439446366782
177,2011-06-26,3,0,6,0,0,0,Clear,0.68,0.637629,0.513333,0.0945333,1920,3385,5305,0.36192271442035817,0.6380772855796418
178,2011-06-27,3,0,6,0,1,1,Cloudy,0.6825,0.637004,0.658333,0.107588,854,3854,4708,0.18139337298215802,0.8186066270178419
179,2011-06-28,3,0,6,0,2,1,Clear,0.744167,0.692558,0.634167,0.144283,732,3916,4648,0.15748709122203097,0.842512908777969
180,2011-06-29,3,0,6,0,3,1,Clear,0.728333,0.654688,0.497917,0.261821,848,4377,5225,0.16229665071770336,0.8377033492822966
181,2011-06-30,3,0,6,0,4,1,Clear,0.696667,0.637008,0.434167,0.185312,1027,4488,5515,0.18621940163191297,0.813780598368087
182,2011-07-01,3,0,7,0,5,1,Clear,0.7225,0.652162,0.39625,0.102608,1246,4116,5362,0.23237597911227154,0.7676240208877284
183,2011-07-02,3,0,7,0,6,0,Clear,0.738333,0.667308,0.444583,0.115062,2204,2915,5119,0.4305528423520219,0.5694471576479782
184,2011-07-03,3,0,7,0,0,0,Cloudy,0.716667,0.668575,0.6825,0.228858,2282,2367,4649,0.4908582490858249,0.5091417509141751
185,2011-07-04,3,0,7,1,1,0,Cloudy,0.726667,0.665417,0.637917,0.0814792,3065,2978,6043,0.5071984113850736,0.49280158861492634
186,2011-07-05,3,0,7,0,2,1,Clear,0.746667,0.696338,0.590417,0.126258,1031,3634,4665,0.2210075026795284,0.7789924973204716
187,2011-07-06,3,0,7,0,3,1,Clear,0.72,0.685633,0.743333,0.149883,784,3845,4629,0.16936703391661265,0.8306329660833873
188,2011-07-07,3,0,7,0,4,1,Clear,0.75,0.686871,0.65125,0.1592,754,3838,4592,0.16419860627177701,0.835801393728223
189,2011-07-08,3,0,7,0,5,1,Cloudy,0.709167,0.670483,0.757917,0.225129,692,3348,4040,0.1712871287128713,0.8287128712871287
190,2011-07-09,3,0,7,0,6,0,Clear,0.733333,0.664158,0.609167,0.167912,1988,3348,5336,0.37256371814092953,0.6274362818590704
191,2011-07-10,3,0,7,0,0,0,Clear,0.7475,0.690025,0.578333,0.183471,1743,3138,4881,0.35709895513214507,0.6429010448678549
192,2011-07-11,3,0,7,0,1,1,Clear,0.7625,0.729804,0.635833,0.282337,723,3363,4086,0.17694566813509544,0.8230543318649045
193,2011-07-12,3,0,7,0,2,1,Clear,0.794167,0.739275,0.559167,0.200254,662,3596,4258,0.15547205260685767,0.8445279473931423
194,2011-07-13,3,0,7,0,3,1,Clear,0.746667,0.689404,0.631667,0.146133,748,3594,4342,0.17227084292952557,0.8277291570704745
195,2011-07-14,3,0,7,0,4,1,Clear,0.680833,0.635104,0.47625,0.240667,888,4196,5084,0.17466561762391816,0.8253343823760818
196,2011-07-15,3,0,7,0,5,1,Clear,0.663333,0.624371,0.59125,0.182833,1318,4220,5538,0.23799205489346334,0.7620079451065367
197,2011-07-16,3,0,7,0,6,0,Clear,0.686667,0.638263,0.585,0.208342,2418,3505,5923,0.40823906803984467,0.5917609319601553
198,2011-07-17,3,0,7,0,0,0,Clear,0.719167,0.669833,0.604167,0.245033,2006,3296,5302,0.3783477932855526,0.6216522067144474
199,2011-07-18,3,0,7,0,1,1,Clear,0.746667,0.703925,0.65125,0.215804,841,3617,4458,0.1886496186630776,0.8113503813369224
200,2011-07-19,3,0,7,0,2,1,Clear,0.776667,0.747479,0.650417,0.1306,752,3789,4541,0.16560229024443954,0.8343977097555605
201,2011-07-20,3,0,7,0,3,1,Clear,0.768333,0.74685,0.707083,0.113817,644,3688,4332,0.14866112650046168,0.8513388734995383
202,2011-07-21,3,0,7,0,4,1,Cloudy,0.815,0.826371,0.69125,0.222021,632,3152,3784,0.16701902748414377,0.8329809725158562
203,2011-07-22,3,0,7,0,5,1,Clear,0.848333,0.840896,0.580417,0.1331,562,2825,3387,0.16592855033953352,0.8340714496604665
204,2011-07-23,3,0,7,0,6,0,Clear,0.849167,0.804287,0.5,0.131221,987,2298,3285,0.3004566210045662,0.6995433789954338
205,2011-07-24,3,0,7,0,0,0,Clear,0.83,0.794829,0.550833,0.169171,1050,2556,3606,0.2911813643926789,0.7088186356073212
206,2011-07-25,3,0,7,0,1,1,Clear,0.743333,0.720958,0.757083,0.0908083,568,3272,3840,0.14791666666666667,0.8520833333333333
207,2011-07-26,3,0,7,0,2,1,Clear,0.771667,0.696979,0.540833,0.200258,750,3840,4590,0.16339869281045752,0.8366013071895425
208,2011-07-27,3,0,7,0,3,1,Clear,0.775,0.690667,0.402917,0.183463,755,3901,4656,0.16215635738831616,0.8378436426116839
209,2011-07-28,3,0,7,0,4,1,Clear,0.779167,0.7399,0.583333,0.178479,606,3784,4390,0.13804100227790433,0.8619589977220957
210,2011-07-29,3,0,7,0,5,1,Clear,0.838333,0.785967,0.5425,0.174138,670,3176,3846,0.17420696827873114,0.8257930317212688
211,2011-07-30,3,0,7,0,6,0,Clear,0.804167,0.728537,0.465833,0.168537,1559,2916,4475,0.3483798882681564,0.6516201117318435
212,2011-07-31,3,0,7,0,0,0,Clear,0.805833,0.729796,0.480833,0.164813,1524,2778,4302,0.3542538354253835,0.6457461645746164
213,2011-08-01,3,0,8,0,1,1,Clear,0.771667,0.703292,0.550833,0.156717,729,3537,4266,0.17088607594936708,0.8291139240506329
214,2011-08-02,3,0,8,0,2,1,Clear,0.783333,0.707071,0.49125,0.20585,801,4044,4845,0.1653250773993808,0.8346749226006192
215,2011-08-03,3,0,8,0,3,1,Cloudy,0.731667,0.679937,0.6575,0.135583,467,3107,3574,0.1306659205372132,0.8693340794627868
216,2011-08-04,3,0,8,0,4,1,Cloudy,0.71,0.664788,0.7575,0.19715,799,3777,4576,0.17460664335664336,0.8253933566433567
217,2011-08-05,3,0,8,0,5,1,Clear,0.710833,0.656567,0.630833,0.184696,1023,3843,4866,0.21023427866831074,0.7897657213316893
218,2011-08-06,3,0,8,0,6,0,Cloudy,0.716667,0.676154,0.755,0.22825,1521,2773,4294,0.35421518397764323,0.6457848160223568
219,2011-08-07,3,0,8,0,0,0,Clear,0.7425,0.715292,0.752917,0.201487,1298,2487,3785,0.3429326287978864,0.6570673712021136
220,2011-08-08,3,0,8,0,1,1,Clear,0.765,0.703283,0.592083,0.192175,846,3480,4326,0.1955617198335645,0.8044382801664355
221,2011-08-09,3,0,8,0,2,1,Clear,0.775,0.724121,0.570417,0.151121,907,3695,4602,0.19708822251195132,0.8029117774880487
222,2011-08-10,3,0,8,0,3,1,Clear,0.766667,0.684983,0.424167,0.200258,884,3896,4780,0.18493723849372384,0.8150627615062761
223,2011-08-11,3,0,8,0,4,1,Clear,0.7175,0.651521,0.42375,0.164796,812,3980,4792,0.169449081803005,0.830550918196995
224,2011-08-12,3,0,8,0,5,1,Clear,0.708333,0.654042,0.415,0.125621,1051,3854,4905,0.2142711518858308,0.7857288481141692
225,2011-08-13,3,0,8,0,6,0,Cloudy,0.685833,0.645858,0.729583,0.211454,1504,2646,4150,0.3624096385542169,0.6375903614457832
226,2011-08-14,3,0,8,0,0,0,Cloudy,0.676667,0.624388,0.8175,0.222633,1338,2482,3820,0.35026178010471204,0.6497382198952879
227,2011-08-15,3,0,8,0,1,1,Clear,0.665833,0.616167,0.712083,0.208954,775,3563,4338,0.17865375749193177,0.8213462425080682
228,2011-08-16,3,0,8,0,2,1,Clear,0.700833,0.645837,0.578333,0.236329,721,4004,4725,0.15259259259259259,0.8474074074074074
229,2011-08-17,3,0,8,0,3,1,Clear,0.723333,0.666671,0.575417,0.143667,668,4026,4694,0.14230933106092886,0.8576906689390712
230,2011-08-18,3,0,8,0,4,1,Clear,0.711667,0.662258,0.654583,0.233208,639,3166,3805,0.16793692509855454,0.8320630749014455
231,2011-08-19,3,0,8,0,5,1,Cloudy,0.685,0.633221,0.722917,0.139308,797,3356,4153,0.19190946303876716,0.8080905369612329
232,2011-08-20,3,0,8,0,6,0,Clear,0.6975,0.648996,0.674167,0.104467,1914,3277,5191,0.3687150837988827,0.6312849162011173
233,2011-08-21,3,0,8,0,0,0,Clear,0.710833,0.675525,0.77,0.248754,1249,2624,3873,0.3224890265943713,0.6775109734056287
234,2011-08-22,3,0,8,0,1,1,Clear,0.691667,0.638254,0.47,0.27675,833,3925,4758,0.17507356031946195,0.824926439680538
235,2011-08-23,3,0,8,0,2,1,Clear,0.640833,0.606067,0.455417,0.146763,1281,4614,5895,0.2173027989821883,0.7826972010178117
236,2011-08-24,3,0,8,0,3,1,Clear,0.673333,0.630692,0.605,0.253108,949,4181,5130,0.18499025341130604,0.815009746588694
237,2011-08-25,3,0,8,0,4,1,Cloudy,0.684167,0.645854,0.771667,0.210833,435,3107,3542,0.1228119706380576,0.8771880293619424
238,2011-08-26,3,0,8,0,5,1,Clear,0.7,0.659733,0.76125,0.0839625,768,3893,4661,0.16477150826003004,0.8352284917399699
239,2011-08-27,3,0,8,0,6,0,Cloudy,0.68,0.635556,0.85,0.375617,226,889,1115,0.20269058295964126,0.7973094170403587
240,2011-08-28,3,0,8,0,0,0,Clear,0.707059,0.647959,0.561765,0.304659,1415,2919,4334,0.32648823257960313,0.6735117674203969
241,2011-08-29,3,0,8,0,1,1,Clear,0.636667,0.607958,0.554583,0.159825,729,3905,4634,0.15731549417350021,0.8426845058264998
242,2011-08-30,3,0,8,0,2,1,Clear,0.639167,0.594704,0.548333,0.125008,775,4429,5204,0.148923904688701,0.851076095311299
243,2011-08-31,3,0,8,0,3,1,Clear,0.656667,0.611121,0.597917,0.0833333,688,4370,5058,0.13602214313958086,0.8639778568604192
244,2011-09-01,3,0,9,0,4,1,Clear,0.655,0.614921,0.639167,0.141796,783,4332,5115,0.1530791788856305,0.8469208211143695
245,2011-09-02,3,0,9,0,5,1,Cloudy,0.643333,0.604808,0.727083,0.139929,875,3852,4727,0.18510683308652423,0.8148931669134758
246,2011-09-03,3,0,9,0,6,0,Clear,0.669167,0.633213,0.716667,0.185325,1935,2549,4484,0.4315343443354148,0.5684656556645852
247,2011-09-04,3,0,9,0,0,0,Clear,0.709167,0.665429,0.742083,0.206467,2521,2419,4940,0.5103238866396761,0.4896761133603239
248,2011-09-05,3,0,9,1,1,0,Cloudy,0.673333,0.625646,0.790417,0.212696,1236,2115,3351,0.36884512085944493,0.631154879140555
249,2011-09-06,3,0,9,0,2,1,Drizzling,0.54,0.5152,0.886957,0.343943,204,2506,2710,0.07527675276752767,0.9247232472324723
250,2011-09-07,3,0,9,0,3,1,Drizzling,0.599167,0.544229,0.917083,0.0970208,118,1878,1996,0.05911823647294589,0.9408817635270541
251,2011-09-08,3,0,9,0,4,1,Drizzling,0.633913,0.555361,0.939565,0.192748,153,1689,1842,0.08306188925081433,0.9169381107491856
252,2011-09-09,3,0,9,0,5,1,Cloudy,0.65,0.578946,0.897917,0.124379,417,3127,3544,0.11766365688487584,0.8823363431151241
253,2011-09-10,3,0,9,0,6,0,Clear,0.66,0.607962,0.75375,0.153608,1750,3595,5345,0.3274087932647334,0.6725912067352666
254,2011-09-11,3,0,9,0,0,0,Clear,0.653333,0.609229,0.71375,0.115054,1633,3413,5046,0.32362267142290924,0.6763773285770908
255,2011-09-12,3,0,9,0,1,1,Clear,0.644348,0.60213,0.692174,0.088913,690,4023,4713,0.1464035646085296,0.8535964353914705
256,2011-09-13,3,0,9,0,2,1,Clear,0.650833,0.603554,0.7125,0.141804,701,4062,4763,0.1471761494856183,0.8528238505143817
257,2011-09-14,3,0,9,0,3,1,Clear,0.673333,0.6269,0.697083,0.1673,647,4138,4785,0.13521421107628004,0.8647857889237199
258,2011-09-15,3,0,9,0,4,1,Cloudy,0.5775,0.553671,0.709167,0.271146,428,3231,3659,0.11697185023230391,0.8830281497676961
259,2011-09-16,3,0,9,0,5,1,Cloudy,0.469167,0.461475,0.590417,0.164183,742,4018,4760,0.15588235294117647,0.8441176470588235
260,2011-09-17,3,0,9,0,6,0,Cloudy,0.491667,0.478512,0.718333,0.189675,1434,3077,4511,0.31788960319219683,0.6821103968078032
261,2011-09-18,3,0,9,0,0,0,Clear,0.5075,0.490537,0.695,0.178483,1353,2921,4274,0.3165652784277024,0.6834347215722976
262,2011-09-19,3,0,9,0,1,1,Cloudy,0.549167,0.529675,0.69,0.151742,691,3848,4539,0.152236175369024,0.847763824630976
263,2011-09-20,3,0,9,0,2,1,Cloudy,0.561667,0.532217,0.88125,0.134954,438,3203,3641,0.12029662180719583,0.8797033781928042
264,2011-09-21,3,0,9,0,3,1,Cloudy,0.595,0.550533,0.9,0.0964042,539,3813,4352,0.12385110294117647,0.8761488970588235
265,2011-09-22,3,0,9,0,4,1,Cloudy,0.628333,0.554963,0.902083,0.128125,555,4240,4795,0.11574556830031282,0.8842544316996872
266,2011-09-23,4,0,9,0,5,1,Cloudy,0.609167,0.522125,0.9725,0.0783667,258,2137,2395,0.10772442588726514,0.8922755741127348
267,2011-09-24,4,0,9,0,6,0,Cloudy,0.606667,0.564412,0.8625,0.0783833,1776,3647,5423,0.3274940070071916,0.6725059929928084
268,2011-09-25,4,0,9,0,0,0,Cloudy,0.634167,0.572637,0.845,0.0503792,1544,3466,5010,0.3081836327345309,0.691816367265469
269,2011-09-26,4,0,9,0,1,1,Cloudy,0.649167,0.589042,0.848333,0.1107,684,3946,4630,0.14773218142548597,0.8522678185745141
270,2011-09-27,4,0,9,0,2,1,Cloudy,0.636667,0.574525,0.885417,0.118171,477,3643,4120,0.11577669902912621,0.8842233009708738
271,2011-09-28,4,0,9,0,3,1,Cloudy,0.635,0.575158,0.84875,0.148629,480,3427,3907,0.12285641156897875,0.8771435884310212
272,2011-09-29,4,0,9,0,4,1,Clear,0.616667,0.574512,0.699167,0.172883,653,4186,4839,0.13494523661913618,0.8650547633808638
273,2011-09-30,4,0,9,0,5,1,Clear,0.564167,0.544829,0.6475,0.206475,830,4372,5202,0.15955401768550556,0.8404459823144944
274,2011-10-01,4,0,10,0,6,0,Cloudy,0.41,0.412863,0.75375,0.292296,480,1949,2429,0.19761218608480857,0.8023878139151914
275,2011-10-02,4,0,10,0,0,0,Cloudy,0.356667,0.345317,0.791667,0.222013,616,2302,2918,0.21110349554489377,0.7888965044551063
276,2011-10-03,4,0,10,0,1,1,Cloudy,0.384167,0.392046,0.760833,0.0833458,330,3240,3570,0.09243697478991597,0.907563025210084
277,2011-10-04,4,0,10,0,2,1,Clear,0.484167,0.472858,0.71,0.205854,486,3970,4456,0.10906642728904847,0.8909335727109515
278,2011-10-05,4,0,10,0,3,1,Clear,0.538333,0.527138,0.647917,0.17725,559,4267,4826,0.11583091587235807,0.884169084127642
279,2011-10-06,4,0,10,0,4,1,Clear,0.494167,0.480425,0.620833,0.134954,639,4126,4765,0.134102833158447,0.865897166841553
280,2011-10-07,4,0,10,0,5,1,Clear,0.510833,0.504404,0.684167,0.0223917,949,4036,4985,0.19037111334002005,0.8096288866599799
281,2011-10-08,4,0,10,0,6,0,Clear,0.521667,0.513242,0.70125,0.0454042,2235,3174,5409,0.41320022185246813,0.5867997781475319
282,2011-10-09,4,0,10,0,0,0,Clear,0.540833,0.523983,0.7275,0.06345,2397,3114,5511,0.4349482852476865,0.5650517147523135
283,2011-10-10,4,0,10,1,1,0,Clear,0.570833,0.542925,0.73375,0.0423042,1514,3603,5117,0.2958764901309361,0.7041235098690639
284,2011-10-11,4,0,10,0,2,1,Cloudy,0.566667,0.546096,0.80875,0.143042,667,3896,4563,0.14617576156037695,0.8538242384396231
285,2011-10-12,4,0,10,0,3,1,Drizzling,0.543333,0.517717,0.90625,0.24815,217,2199,2416,0.08981788079470199,0.910182119205298
286,2011-10-13,4,0,10,0,4,1,Cloudy,0.589167,0.551804,0.896667,0.141787,290,2623,2913,0.09955372468245795,0.9004462753175421
287,2011-10-14,4,0,10,0,5,1,Cloudy,0.550833,0.529675,0.71625,0.223883,529,3115,3644,0.1451701427003293,0.8548298572996706
288,2011-10-15,4,0,10,0,6,0,Clear,0.506667,0.498725,0.483333,0.258083,1899,3318,5217,0.36400230017251295,0.6359976998274871
289,2011-10-16,4,0,10,0,0,0,Clear,0.511667,0.503154,0.486667,0.281717,1748,3293,5041,0.3467565959135092,0.6532434040864907
290,2011-10-17,4,0,10,0,1,1,Clear,0.534167,0.510725,0.579583,0.175379,713,3857,4570,0.1560175054704595,0.8439824945295404
291,2011-10-18,4,0,10,0,2,1,Cloudy,0.5325,0.522721,0.701667,0.110087,637,4111,4748,0.13416175231676494,0.865838247683235
292,2011-10-19,4,0,10,0,3,1,Drizzling,0.541739,0.513848,0.895217,0.243339,254,2170,2424,0.10478547854785479,0.8952145214521452
293,2011-10-20,4,0,10,0,4,1,Clear,0.475833,0.466525,0.63625,0.422275,471,3724,4195,0.11227651966626936,0.8877234803337306
294,2011-10-21,4,0,10,0,5,1,Clear,0.4275,0.423596,0.574167,0.221396,676,3628,4304,0.1570631970260223,0.8429368029739777
295,2011-10-22,4,0,10,0,6,0,Clear,0.4225,0.425492,0.629167,0.0926667,1499,2809,4308,0.3479572887650882,0.6520427112349118
296,2011-10-23,4,0,10,0,0,0,Clear,0.421667,0.422333,0.74125,0.0995125,1619,2762,4381,0.36955033097466333,0.6304496690253367
297,2011-10-24,4,0,10,0,1,1,Clear,0.463333,0.457067,0.772083,0.118792,699,3488,4187,0.16694530690231668,0.8330546930976833
298,2011-10-25,4,0,10,0,2,1,Clear,0.471667,0.463375,0.622917,0.166658,695,3992,4687,0.14828248346490291,0.8517175165350971
299,2011-10-26,4,0,10,0,3,1,Cloudy,0.484167,0.472846,0.720417,0.148642,404,3490,3894,0.10374935798664613,0.8962506420133539
300,2011-10-27,4,0,10,0,4,1,Cloudy,0.47,0.457046,0.812917,0.197763,240,2419,2659,0.09025949605114705,0.909740503948853
301,2011-10-28,4,0,10,0,5,1,Cloudy,0.330833,0.318812,0.585833,0.229479,456,3291,3747,0.12169735788630905,0.8783026421136909
302,2011-10-29,4,0,10,0,6,0,Drizzling,0.254167,0.227913,0.8825,0.351371,57,570,627,0.09090909090909091,0.9090909090909091
303,2011-10-30,4,0,10,0,0,0,Clear,0.319167,0.321329,0.62375,0.176617,885,2446,3331,0.26568598018613027,0.7343140198138697
304,2011-10-31,4,0,10,0,1,1,Clear,0.34,0.356063,0.703333,0.10635,362,3307,3669,0.09866448623603162,0.9013355137639684
305,2011-11-01,4,0,11,0,2,1,Clear,0.400833,0.397088,0.68375,0.135571,410,3658,4068,0.1007866273352999,0.8992133726647001
306,2011-11-02,4,0,11,0,3,1,Clear,0.3775,0.390133,0.71875,0.0820917,370,3816,4186,0.08838987099856666,0.9116101290014333
307,2011-11-03,4,0,11,0,4,1,Clear,0.408333,0.405921,0.702083,0.136817,318,3656,3974,0.08002013085052843,0.9199798691494716
308,2011-11-04,4,0,11,0,5,1,Cloudy,0.403333,0.403392,0.6225,0.271779,470,3576,4046,0.11616411270390509,0.8838358872960949
309,2011-11-05,4,0,11,0,6,0,Clear,0.326667,0.323854,0.519167,0.189062,1156,2770,3926,0.2944472745797249,0.7055527254202751
310,2011-11-06,4,0,11,0,0,0,Clear,0.348333,0.362358,0.734583,0.0920542,952,2697,3649,0.2608933954508084,0.7391066045491915
311,2011-11-07,4,0,11,0,1,1,Clear,0.395,0.400871,0.75875,0.057225,373,3662,4035,0.09244114002478315,0.9075588599752169
312,2011-11-08,4,0,11,0,2,1,Clear,0.408333,0.412246,0.721667,0.0690375,376,3829,4205,0.08941736028537456,0.9105826397146255
313,2011-11-09,4,0,11,0,3,1,Clear,0.4,0.409079,0.758333,0.0621958,305,3804,4109,0.07422730591384766,0.9257726940861524
314,2011-11-10,4,0,11,0,4,1,Cloudy,0.38,0.373721,0.813333,0.189067,190,2743,2933,0.0647800886464371,0.9352199113535629
315,2011-11-11,4,0,11,1,5,0,Clear,0.324167,0.306817,0.44625,0.314675,440,2928,3368,0.13064133016627077,0.8693586698337292
316,2011-11-12,4,0,11,0,6,0,Clear,0.356667,0.357942,0.552917,0.212062,1275,2792,4067,0.31349889353331695,0.686501106466683
317,2011-11-13,4,0,11,0,0,0,Clear,0.440833,0.43055,0.458333,0.281721,1004,2713,3717,0.2701103040086091,0.7298896959913909
318,2011-11-14,4,0,11,0,1,1,Clear,0.53,0.524612,0.587083,0.306596,595,3891,4486,0.1326348640213999,0.8673651359786001
319,2011-11-15,4,0,11,0,2,1,Cloudy,0.53,0.507579,0.68875,0.199633,449,3746,4195,0.10703218116805721,0.8929678188319428
320,2011-11-16,4,0,11,0,3,1,Drizzling,0.456667,0.451988,0.93,0.136829,145,1672,1817,0.07980187121629059,0.9201981287837094
321,2011-11-17,4,0,11,0,4,1,Cloudy,0.341667,0.323221,0.575833,0.305362,139,2914,3053,0.04552898788077301,0.954471012119227
322,2011-11-18,4,0,11,0,5,1,Clear,0.274167,0.272721,0.41,0.168533,245,3147,3392,0.07222877358490566,0.9277712264150944
323,2011-11-19,4,0,11,0,6,0,Clear,0.329167,0.324483,0.502083,0.224496,943,2720,3663,0.25743925743925744,0.7425607425607426
324,2011-11-20,4,0,11,0,0,0,Cloudy,0.463333,0.457058,0.684583,0.18595,787,2733,3520,0.22357954545454545,0.7764204545454545
325,2011-11-21,4,0,11,0,1,1,Drizzling,0.4475,0.445062,0.91,0.138054,220,2545,2765,0.07956600361663653,0.9204339963833634
326,2011-11-22,4,0,11,0,2,1,Drizzling,0.416667,0.421696,0.9625,0.118792,69,1538,1607,0.042937149968886125,0.9570628500311139
327,2011-11-23,4,0,11,0,3,1,Cloudy,0.440833,0.430537,0.757917,0.335825,112,2454,2566,0.043647700701480906,0.9563522992985191
328,2011-11-24,4,0,11,1,4,0,Clear,0.373333,0.372471,0.549167,0.167304,560,935,1495,0.3745819397993311,0.6254180602006689
329,2011-11-25,4,0,11,0,5,1,Clear,0.375,0.380671,0.64375,0.0988958,1095,1697,2792,0.3921919770773639,0.6078080229226361
330,2011-11-26,4,0,11,0,6,0,Clear,0.375833,0.385087,0.681667,0.0684208,1249,1819,3068,0.4071056062581486,0.5928943937418514
331,2011-11-27,4,0,11,0,0,0,Clear,0.459167,0.4558,0.698333,0.208954,810,2261,3071,0.2637577336372517,0.7362422663627483
332,2011-11-28,4,0,11,0,1,1,Clear,0.503478,0.490122,0.743043,0.142122,253,3614,3867,0.06542539436255496,0.9345746056374451
333,2011-11-29,4,0,11,0,2,1,Cloudy,0.458333,0.451375,0.830833,0.258092,96,2818,2914,0.032944406314344546,0.9670555936856554
334,2011-11-30,4,0,11,0,3,1,Clear,0.325,0.311221,0.613333,0.271158,188,3425,3613,0.05203432050927207,0.947965679490728
335,2011-12-01,4,0,12,0,4,1,Clear,0.3125,0.305554,0.524583,0.220158,182,3545,3727,0.04883284142742152,0.9511671585725785
336,2011-12-02,4,0,12,0,5,1,Clear,0.314167,0.331433,0.625833,0.100754,268,3672,3940,0.06802030456852792,0.9319796954314721
337,2011-12-03,4,0,12,0,6,0,Clear,0.299167,0.310604,0.612917,0.0957833,706,2908,3614,0.1953514111787493,0.8046485888212507
338,2011-12-04,4,0,12,0,0,0,Clear,0.330833,0.3491,0.775833,0.0839583,634,2851,3485,0.181922525107604,0.818077474892396
339,2011-12-05,4,0,12,0,1,1,Cloudy,0.385833,0.393925,0.827083,0.0622083,233,3578,3811,0.06113880871162425,0.9388611912883758
340,2011-12-06,4,0,12,0,2,1,Drizzling,0.4625,0.4564,0.949583,0.232583,126,2468,2594,0.04857363145720894,0.9514263685427911
341,2011-12-07,4,0,12,0,3,1,Drizzling,0.41,0.400246,0.970417,0.266175,50,655,705,0.07092198581560284,0.9290780141843972
342,2011-12-08,4,0,12,0,4,1,Clear,0.265833,0.256938,0.58,0.240058,150,3172,3322,0.04515352197471403,0.954846478025286
343,2011-12-09,4,0,12,0,5,1,Clear,0.290833,0.317542,0.695833,0.0827167,261,3359,3620,0.07209944751381216,0.9279005524861879
344,2011-12-10,4,0,12,0,6,0,Clear,0.275,0.266412,0.5075,0.233221,502,2688,3190,0.1573667711598746,0.8426332288401254
345,2011-12-11,4,0,12,0,0,0,Clear,0.220833,0.253154,0.49,0.0665417,377,2366,2743,0.13744075829383887,0.8625592417061612
346,2011-12-12,4,0,12,0,1,1,Clear,0.238333,0.270196,0.670833,0.06345,143,3167,3310,0.043202416918429,0.956797583081571
347,2011-12-13,4,0,12,0,2,1,Clear,0.2825,0.301138,0.59,0.14055,155,3368,3523,0.043996593812091964,0.956003406187908
348,2011-12-14,4,0,12,0,3,1,Cloudy,0.3175,0.338362,0.66375,0.0609583,178,3562,3740,0.04759358288770053,0.9524064171122995
349,2011-12-15,4,0,12,0,4,1,Cloudy,0.4225,0.412237,0.634167,0.268042,181,3528,3709,0.048800215691561066,0.9511997843084389
350,2011-12-16,4,0,12,0,5,1,Cloudy,0.375,0.359825,0.500417,0.260575,178,3399,3577,0.04976237070170534,0.9502376292982947
351,2011-12-17,4,0,12,0,6,0,Cloudy,0.258333,0.249371,0.560833,0.243167,275,2464,2739,0.10040160642570281,0.8995983935742972
352,2011-12-18,4,0,12,0,0,0,Clear,0.238333,0.245579,0.58625,0.169779,220,2211,2431,0.09049773755656108,0.9095022624434389
353,2011-12-19,4,0,12,0,1,1,Clear,0.276667,0.280933,0.6375,0.172896,260,3143,3403,0.07640317367029092,0.9235968263297091
354,2011-12-20,4,0,12,0,2,1,Cloudy,0.385833,0.396454,0.595417,0.0615708,216,3534,3750,0.0576,0.9424
355,2011-12-21,1,0,12,0,3,1,Cloudy,0.428333,0.428017,0.858333,0.2214,107,2553,2660,0.040225563909774435,0.9597744360902256
356,2011-12-22,1,0,12,0,4,1,Cloudy,0.423333,0.426121,0.7575,0.047275,227,2841,3068,0.07398956975228162,0.9260104302477183
357,2011-12-23,1,0,12,0,5,1,Clear,0.373333,0.377513,0.68625,0.274246,163,2046,2209,0.07378904481665913,0.9262109551833408
358,2011-12-24,1,0,12,0,6,0,Clear,0.3025,0.299242,0.5425,0.190304,155,856,1011,0.1533135509396637,0.8466864490603363
359,2011-12-25,1,0,12,0,0,0,Clear,0.274783,0.279961,0.681304,0.155091,303,451,754,0.40185676392572944,0.5981432360742706
360,2011-12-26,1,0,12,1,1,0,Clear,0.321739,0.315535,0.506957,0.239465,430,887,1317,0.32649962034927865,0.6735003796507213
361,2011-12-27,1,0,12,0,2,1,Cloudy,0.325,0.327633,0.7625,0.18845,103,1059,1162,0.08864027538726334,0.9113597246127366
362,2011-12-28,1,0,12,0,3,1,Clear,0.29913,0.279974,0.503913,0.293961,255,2047,2302,0.1107732406602954,0.8892267593397046
363,2011-12-29,1,0,12,0,4,1,Clear,0.248333,0.263892,0.574167,0.119412,254,2169,2423,0.10482872472141973,0.8951712752785803
364,2011-12-30,1,0,12,0,5,1,Clear,0.311667,0.318812,0.636667,0.134337,491,2508,2999,0.16372124041347116,0.8362787595865289
365,2011-12-31,1,0,12,0,6,0,Clear,0.41,0.414121,0.615833,0.220154,665,1820,2485,0.2676056338028169,0.7323943661971831
366,2012-01-01,1,1,1,0,0,0,Clear,0.37,0.375621,0.6925,0.192167,686,1608,2294,0.2990409764603313,0.7009590235396687
367,2012-01-02,1,1,1,1,1,0,Clear,0.273043,0.252304,0.381304,0.329665,244,1707,1951,0.12506406970784215,0.8749359302921579
368,2012-01-03,1,1,1,0,2,1,Clear,0.15,0.126275,0.44125,0.365671,89,2147,2236,0.03980322003577817,0.9601967799642218
369,2012-01-04,1,1,1,0,3,1,Cloudy,0.1075,0.119337,0.414583,0.1847,95,2273,2368,0.04011824324324324,0.9598817567567568
370,2012-01-05,1,1,1,0,4,1,Clear,0.265833,0.278412,0.524167,0.129987,140,3132,3272,0.042787286063569685,0.9572127139364304
371,2012-01-06,1,1,1,0,5,1,Clear,0.334167,0.340267,0.542083,0.167908,307,3791,4098,0.0749145924841386,0.9250854075158614
372,2012-01-07,1,1,1,0,6,0,Clear,0.393333,0.390779,0.531667,0.174758,1070,3451,4521,0.23667330236673303,0.763326697633267
373,2012-01-08,1,1,1,0,0,0,Clear,0.3375,0.340258,0.465,0.191542,599,2826,3425,0.17489051094890512,0.8251094890510949
374,2012-01-09,1,1,1,0,1,1,Cloudy,0.224167,0.247479,0.701667,0.0989,106,2270,2376,0.04461279461279461,0.9553872053872053
375,2012-01-10,1,1,1,0,2,1,Clear,0.308696,0.318826,0.646522,0.187552,173,3425,3598,0.048082267926625906,0.951917732073374
376,2012-01-11,1,1,1,0,3,1,Cloudy,0.274167,0.282821,0.8475,0.131221,92,2085,2177,0.042259990813045475,0.9577400091869546
377,2012-01-12,1,1,1,0,4,1,Cloudy,0.3825,0.381938,0.802917,0.180967,269,3828,4097,0.06565779838906517,0.9343422016109348
378,2012-01-13,1,1,1,0,5,1,Clear,0.274167,0.249362,0.5075,0.378108,174,3040,3214,0.054138145612943375,0.9458618543870566
379,2012-01-14,1,1,1,0,6,0,Clear,0.18,0.183087,0.4575,0.187183,333,2160,2493,0.13357400722021662,0.8664259927797834
380,2012-01-15,1,1,1,0,0,0,Clear,0.166667,0.161625,0.419167,0.251258,284,2027,2311,0.12289052358286456,0.8771094764171354
381,2012-01-16,1,1,1,1,1,0,Clear,0.19,0.190663,0.5225,0.231358,217,2081,2298,0.09442993907745866,0.9055700609225413
382,2012-01-17,1,1,1,0,2,1,Cloudy,0.373043,0.364278,0.716087,0.34913,127,2808,2935,0.043270868824531517,0.9567291311754685
383,2012-01-18,1,1,1,0,3,1,Clear,0.303333,0.275254,0.443333,0.415429,109,3267,3376,0.032286729857819906,0.9677132701421801
384,2012-01-19,1,1,1,0,4,1,Clear,0.19,0.190038,0.4975,0.220158,130,3162,3292,0.03948967193195626,0.9605103280680437
385,2012-01-20,1,1,1,0,5,1,Cloudy,0.2175,0.220958,0.45,0.20275,115,3048,3163,0.03635788808093582,0.9636421119190641
386,2012-01-21,1,1,1,0,6,0,Cloudy,0.173333,0.174875,0.83125,0.222642,67,1234,1301,0.05149884704073789,0.9485011529592621
387,2012-01-22,1,1,1,0,0,0,Cloudy,0.1625,0.16225,0.79625,0.199638,196,1781,1977,0.09914011127971674,0.9008598887202832
388,2012-01-23,1,1,1,0,1,1,Cloudy,0.218333,0.243058,0.91125,0.110708,145,2287,2432,0.05962171052631579,0.9403782894736842
389,2012-01-24,1,1,1,0,2,1,Clear,0.3425,0.349108,0.835833,0.123767,439,3900,4339,0.10117538603364831,0.8988246139663517
390,2012-01-25,1,1,1,0,3,1,Clear,0.294167,0.294821,0.64375,0.161071,467,3803,4270,0.10936768149882904,0.890632318501171
391,2012-01-26,1,1,1,0,4,1,Cloudy,0.341667,0.35605,0.769583,0.0733958,244,3831,4075,0.059877300613496935,0.9401226993865031
392,2012-01-27,1,1,1,0,5,1,Cloudy,0.425,0.415383,0.74125,0.342667,269,3187,3456,0.07783564814814815,0.9221643518518519
393,2012-01-28,1,1,1,0,6,0,Clear,0.315833,0.326379,0.543333,0.210829,775,3248,4023,0.19264230673626648,0.8073576932637335
394,2012-01-29,1,1,1,0,0,0,Clear,0.2825,0.272721,0.31125,0.24005,558,2685,3243,0.17206290471785385,0.8279370952821462
395,2012-01-30,1,1,1,0,1,1,Clear,0.269167,0.262625,0.400833,0.215792,126,3498,3624,0.0347682119205298,0.9652317880794702
396,2012-01-31,1,1,1,0,2,1,Clear,0.39,0.381317,0.416667,0.261817,324,4185,4509,0.0718562874251497,0.9281437125748503
397,2012-02-01,1,1,2,0,3,1,Clear,0.469167,0.466538,0.507917,0.189067,304,4275,4579,0.06639004149377593,0.9336099585062241
398,2012-02-02,1,1,2,0,4,1,Cloudy,0.399167,0.398971,0.672917,0.187187,190,3571,3761,0.050518479127891515,0.9494815208721085
399,2012-02-03,1,1,2,0,5,1,Clear,0.313333,0.309346,0.526667,0.178496,310,3841,4151,0.07468079980727535,0.9253192001927246
400,2012-02-04,1,1,2,0,6,0,Cloudy,0.264167,0.272725,0.779583,0.121896,384,2448,2832,0.13559322033898305,0.864406779661017
401,2012-02-05,1,1,2,0,0,0,Cloudy,0.265833,0.264521,0.687917,0.175996,318,2629,2947,0.10790634543603665,0.8920936545639634
402,2012-02-06,1,1,2,0,1,1,Clear,0.282609,0.296426,0.622174,0.1538,206,3578,3784,0.054439746300211415,0.9455602536997886
403,2012-02-07,1,1,2,0,2,1,Clear,0.354167,0.361104,0.49625,0.147379,199,4176,4375,0.04548571428571429,0.9545142857142858
404,2012-02-08,1,1,2,0,3,1,Cloudy,0.256667,0.266421,0.722917,0.133721,109,2693,2802,0.03890078515346181,0.9610992148465382
405,2012-02-09,1,1,2,0,4,1,Clear,0.265,0.261988,0.562083,0.194037,163,3667,3830,0.04255874673629243,0.9574412532637075
406,2012-02-10,1,1,2,0,5,1,Cloudy,0.280833,0.293558,0.54,0.116929,227,3604,3831,0.059253458626990343,0.9407465413730096
407,2012-02-11,1,1,2,0,6,0,Drizzling,0.224167,0.210867,0.73125,0.289796,192,1977,2169,0.08852005532503458,0.9114799446749654
408,2012-02-12,1,1,2,0,0,0,Clear,0.1275,0.101658,0.464583,0.409212,73,1456,1529,0.04774362328319163,0.9522563767168084
409,2012-02-13,1,1,2,0,1,1,Clear,0.2225,0.227913,0.41125,0.167283,94,3328,3422,0.027469316189362946,0.972530683810637
410,2012-02-14,1,1,2,0,2,1,Cloudy,0.319167,0.333946,0.50875,0.141179,135,3787,3922,0.03442121366649668,0.9655787863335034
411,2012-02-15,1,1,2,0,3,1,Clear,0.348333,0.351629,0.53125,0.1816,141,4028,4169,0.03382106020628448,0.9661789397937155
412,2012-02-16,1,1,2,0,4,1,Cloudy,0.316667,0.330162,0.752917,0.091425,74,2931,3005,0.024625623960066557,0.9753743760399335
413,2012-02-17,1,1,2,0,5,1,Clear,0.343333,0.351629,0.634583,0.205846,349,3805,4154,0.08401540683678382,0.9159845931632162
414,2012-02-18,1,1,2,0,6,0,Clear,0.346667,0.355425,0.534583,0.190929,1435,2883,4318,0.3323297823066234,0.6676702176933765
415,2012-02-19,1,1,2,0,0,0,Cloudy,0.28,0.265788,0.515833,0.253112,618,2071,2689,0.2298252138341391,0.7701747861658609
416,2012-02-20,1,1,2,1,1,0,Clear,0.28,0.273391,0.507826,0.229083,502,2627,3129,0.16043464365612017,0.8395653563438799
417,2012-02-21,1,1,2,0,2,1,Clear,0.287826,0.295113,0.594348,0.205717,163,3614,3777,0.04315594387079693,0.9568440561292031
418,2012-02-22,1,1,2,0,3,1,Clear,0.395833,0.392667,0.567917,0.234471,394,4379,4773,0.08254766394301279,0.9174523360569872
419,2012-02-23,1,1,2,0,4,1,Clear,0.454167,0.444446,0.554583,0.190913,516,4546,5062,0.10193599367838799,0.898064006321612
420,2012-02-24,1,1,2,0,5,1,Cloudy,0.4075,0.410971,0.7375,0.237567,246,3241,3487,0.07054774878118726,0.9294522512188127
421,2012-02-25,1,1,2,0,6,0,Clear,0.290833,0.255675,0.395833,0.421642,317,2415,2732,0.11603221083455344,0.8839677891654466
422,2012-02-26,1,1,2,0,0,0,Clear,0.279167,0.268308,0.41,0.205229,515,2874,3389,0.1519622307465329,0.8480377692534671
423,2012-02-27,1,1,2,0,1,1,Clear,0.366667,0.357954,0.490833,0.268033,253,4069,4322,0.05853771402128644,0.9414622859787135
424,2012-02-28,1,1,2,0,2,1,Clear,0.359167,0.353525,0.395833,0.193417,229,4134,4363,0.0524868209947284,0.9475131790052717
425,2012-02-29,1,1,2,0,3,1,Cloudy,0.344348,0.34847,0.804783,0.179117,65,1769,1834,0.03544165757906216,0.9645583424209379
426,2012-03-01,1,1,3,0,4,1,Clear,0.485833,0.475371,0.615417,0.226987,325,4665,4990,0.06513026052104208,0.9348697394789579
427,2012-03-02,1,1,3,0,5,1,Cloudy,0.353333,0.359842,0.657083,0.144904,246,2948,3194,0.07701941139636818,0.9229805886036319
428,2012-03-03,1,1,3,0,6,0,Cloudy,0.414167,0.413492,0.62125,0.161079,956,3110,4066,0.23512051155927202,0.764879488440728
429,2012-03-04,1,1,3,0,0,0,Clear,0.325833,0.303021,0.403333,0.334571,710,2713,3423,0.20742039146947122,0.7925796085305288
430,2012-03-05,1,1,3,0,1,1,Clear,0.243333,0.241171,0.50625,0.228858,203,3130,3333,0.06090609060906091,0.9390939093909391
431,2012-03-06,1,1,3,0,2,1,Clear,0.258333,0.255042,0.456667,0.200875,221,3735,3956,0.055864509605662284,0.9441354903943378
432,2012-03-07,1,1,3,0,3,1,Clear,0.404167,0.3851,0.513333,0.345779,432,4484,4916,0.08787632221318145,0.9121236777868186
433,2012-03-08,1,1,3,0,4,1,Clear,0.5275,0.524604,0.5675,0.441563,486,4896,5382,0.0903010033444816,0.9096989966555183
434,2012-03-09,1,1,3,0,5,1,Cloudy,0.410833,0.397083,0.407083,0.4148,447,4122,4569,0.09783322390019698,0.902166776099803
435,2012-03-10,1,1,3,0,6,0,Clear,0.2875,0.277767,0.350417,0.22575,968,3150,4118,0.23506556580864496,0.764934434191355
436,2012-03-11,1,1,3,0,0,0,Clear,0.361739,0.35967,0.476957,0.222587,1658,3253,4911,0.33760944817756056,0.6623905518224394
437,2012-03-12,1,1,3,0,1,1,Clear,0.466667,0.459592,0.489167,0.207713,838,4460,5298,0.15817289543223859,0.8418271045677614
438,2012-03-13,1,1,3,0,2,1,Clear,0.565,0.542929,0.6175,0.23695,762,5085,5847,0.13032324268855824,0.8696767573114418
439,2012-03-14,1,1,3,0,3,1,Clear,0.5725,0.548617,0.507083,0.115062,997,5315,6312,0.1579531051964512,0.8420468948035488
440,2012-03-15,1,1,3,0,4,1,Clear,0.5575,0.532825,0.579583,0.149883,1005,5187,6192,0.1623062015503876,0.8376937984496124
441,2012-03-16,1,1,3,0,5,1,Cloudy,0.435833,0.436229,0.842083,0.113192,548,3830,4378,0.12517131110095933,0.8748286888990406
442,2012-03-17,1,1,3,0,6,0,Cloudy,0.514167,0.505046,0.755833,0.110704,3155,4681,7836,0.40262889229198573,0.5973711077080143
443,2012-03-18,1,1,3,0,0,0,Cloudy,0.4725,0.464,0.81,0.126883,2207,3685,5892,0.3745756958587916,0.6254243041412084
444,2012-03-19,1,1,3,0,1,1,Clear,0.545,0.532821,0.72875,0.162317,982,5171,6153,0.15959694457987975,0.8404030554201203
445,2012-03-20,1,1,3,0,2,1,Clear,0.560833,0.538533,0.807917,0.121271,1051,5042,6093,0.17249302478253734,0.8275069752174626
446,2012-03-21,2,1,3,0,3,1,Cloudy,0.531667,0.513258,0.82125,0.0895583,1122,5108,6230,0.18009630818619582,0.8199036918138042
447,2012-03-22,2,1,3,0,4,1,Clear,0.554167,0.531567,0.83125,0.117562,1334,5537,6871,0.19414932324261389,0.8058506767573861
448,2012-03-23,2,1,3,0,5,1,Cloudy,0.601667,0.570067,0.694167,0.1163,2469,5893,8362,0.29526429083951206,0.7047357091604879
449,2012-03-24,2,1,3,0,6,0,Cloudy,0.5025,0.486733,0.885417,0.192783,1033,2339,3372,0.30634638196915775,0.6936536180308422
450,2012-03-25,2,1,3,0,0,0,Cloudy,0.4375,0.437488,0.880833,0.220775,1532,3464,4996,0.3066453162530024,0.6933546837469976
451,2012-03-26,2,1,3,0,1,1,Clear,0.445833,0.43875,0.477917,0.386821,795,4763,5558,0.14303706369197552,0.8569629363080244
452,2012-03-27,2,1,3,0,2,1,Clear,0.323333,0.315654,0.29,0.187192,531,4571,5102,0.10407683261466091,0.8959231673853391
453,2012-03-28,2,1,3,0,3,1,Clear,0.484167,0.47095,0.48125,0.291671,674,5024,5698,0.11828711828711828,0.8817128817128818
454,2012-03-29,2,1,3,0,4,1,Clear,0.494167,0.482304,0.439167,0.31965,834,5299,6133,0.13598565139409752,0.8640143486059025
455,2012-03-30,2,1,3,0,5,1,Cloudy,0.37,0.375621,0.580833,0.138067,796,4663,5459,0.14581425169444953,0.8541857483055505
456,2012-03-31,2,1,3,0,6,0,Cloudy,0.424167,0.421708,0.738333,0.250617,2301,3934,6235,0.36904570970328787,0.6309542902967121
457,2012-04-01,2,1,4,0,0,0,Cloudy,0.425833,0.417287,0.67625,0.172267,2347,3694,6041,0.3885118357887767,0.6114881642112233
458,2012-04-02,2,1,4,0,1,1,Clear,0.433913,0.427513,0.504348,0.312139,1208,4728,5936,0.20350404312668463,0.7964959568733153
459,2012-04-03,2,1,4,0,2,1,Clear,0.466667,0.461483,0.396667,0.100133,1348,5424,6772,0.19905493207324276,0.8009450679267572
460,2012-04-04,2,1,4,0,3,1,Clear,0.541667,0.53345,0.469583,0.180975,1058,5378,6436,0.16438781852082038,0.8356121814791796
461,2012-04-05,2,1,4,0,4,1,Clear,0.435,0.431163,0.374167,0.219529,1192,5265,6457,0.18460585411181663,0.8153941458881834
462,2012-04-06,2,1,4,0,5,1,Clear,0.403333,0.390767,0.377083,0.300388,1807,4653,6460,0.27972136222910216,0.7202786377708978
463,2012-04-07,2,1,4,0,6,0,Clear,0.4375,0.426129,0.254167,0.274871,3252,3605,6857,0.47425988041417527,0.5257401195858247
464,2012-04-08,2,1,4,0,0,0,Clear,0.5,0.492425,0.275833,0.232596,2230,2939,5169,0.4314180692590443,0.5685819307409556
465,2012-04-09,2,1,4,0,1,1,Clear,0.489167,0.476638,0.3175,0.358196,905,4680,5585,0.162041181736795,0.8379588182632051
466,2012-04-10,2,1,4,0,2,1,Clear,0.446667,0.436233,0.435,0.249375,819,5099,5918,0.13839134842852316,0.8616086515714768
467,2012-04-11,2,1,4,0,3,1,Clear,0.348696,0.337274,0.469565,0.295274,482,4380,4862,0.09913615795968737,0.9008638420403127
468,2012-04-12,2,1,4,0,4,1,Clear,0.3975,0.387604,0.46625,0.290429,663,4746,5409,0.12257348863006101,0.877426511369939
469,2012-04-13,2,1,4,0,5,1,Clear,0.4425,0.431808,0.408333,0.155471,1252,5146,6398,0.19568615192247577,0.8043138480775243
470,2012-04-14,2,1,4,0,6,0,Clear,0.495,0.487996,0.502917,0.190917,2795,4665,7460,0.3746648793565684,0.6253351206434317
471,2012-04-15,2,1,4,0,0,0,Clear,0.606667,0.573875,0.507917,0.225129,2846,4286,7132,0.39904655075715084,0.6009534492428491
472,2012-04-16,2,1,4,1,1,0,Clear,0.664167,0.614925,0.561667,0.284829,1198,5172,6370,0.1880690737833595,0.8119309262166405
473,2012-04-17,2,1,4,0,2,1,Clear,0.608333,0.598487,0.390417,0.273629,989,5702,6691,0.14781049170527574,0.8521895082947243
474,2012-04-18,2,1,4,0,3,1,Cloudy,0.463333,0.457038,0.569167,0.167912,347,4020,4367,0.07945958323792077,0.9205404167620792
475,2012-04-19,2,1,4,0,4,1,Clear,0.498333,0.493046,0.6125,0.0659292,846,5719,6565,0.12886519421172887,0.8711348057882712
476,2012-04-20,2,1,4,0,5,1,Clear,0.526667,0.515775,0.694583,0.149871,1340,5950,7290,0.18381344307270234,0.8161865569272977
477,2012-04-21,2,1,4,0,6,0,Clear,0.57,0.542921,0.682917,0.283587,2541,4083,6624,0.3836050724637681,0.6163949275362319
478,2012-04-22,2,1,4,0,0,0,Drizzling,0.396667,0.389504,0.835417,0.344546,120,907,1027,0.11684518013631938,0.8831548198636806
479,2012-04-23,2,1,4,0,1,1,Cloudy,0.321667,0.301125,0.766667,0.303496,195,3019,3214,0.06067205973864343,0.9393279402613566
480,2012-04-24,2,1,4,0,2,1,Clear,0.413333,0.405283,0.454167,0.249383,518,5115,5633,0.09195810402982425,0.9080418959701757
481,2012-04-25,2,1,4,0,3,1,Clear,0.476667,0.470317,0.427917,0.118792,655,5541,6196,0.10571336346029697,0.8942866365397031
482,2012-04-26,2,1,4,0,4,1,Cloudy,0.498333,0.483583,0.756667,0.176625,475,4551,5026,0.09450855551134103,0.9054914444886589
483,2012-04-27,2,1,4,0,5,1,Clear,0.4575,0.452637,0.400833,0.347633,1014,5219,6233,0.16268249639018129,0.8373175036098187
484,2012-04-28,2,1,4,0,6,0,Cloudy,0.376667,0.377504,0.489583,0.129975,1120,3100,4220,0.26540284360189575,0.7345971563981043
485,2012-04-29,2,1,4,0,0,0,Clear,0.458333,0.450121,0.587083,0.116908,2229,4075,6304,0.3535850253807107,0.6464149746192893
486,2012-04-30,2,1,4,0,1,1,Cloudy,0.464167,0.457696,0.57,0.171638,665,4907,5572,0.11934673366834171,0.8806532663316583
487,2012-05-01,2,1,5,0,2,1,Cloudy,0.613333,0.577021,0.659583,0.156096,653,5087,5740,0.11376306620209059,0.8862369337979094
488,2012-05-02,2,1,5,0,3,1,Clear,0.564167,0.537896,0.797083,0.138058,667,5502,6169,0.10812125141838223,0.8918787485816178
489,2012-05-03,2,1,5,0,4,1,Cloudy,0.56,0.537242,0.768333,0.133696,764,5657,6421,0.11898458184083475,0.8810154181591653
490,2012-05-04,2,1,5,0,5,1,Clear,0.6275,0.590917,0.735417,0.162938,1069,5227,6296,0.16979034307496824,0.8302096569250318
491,2012-05-05,2,1,5,0,6,0,Cloudy,0.621667,0.584608,0.756667,0.152992,2496,4387,6883,0.3626325730059567,0.6373674269940433
492,2012-05-06,2,1,5,0,0,0,Cloudy,0.5625,0.546737,0.74,0.149879,2135,4224,6359,0.33574461393300836,0.6642553860669916
493,2012-05-07,2,1,5,0,1,1,Cloudy,0.5375,0.527142,0.664167,0.230721,1008,5265,6273,0.1606886657101865,0.8393113342898135
494,2012-05-08,2,1,5,0,2,1,Cloudy,0.581667,0.557471,0.685833,0.296029,738,4990,5728,0.12884078212290503,0.8711592178770949
495,2012-05-09,2,1,5,0,3,1,Cloudy,0.575,0.553025,0.744167,0.216412,620,4097,4717,0.13143947424210303,0.868560525757897
496,2012-05-10,2,1,5,0,4,1,Clear,0.505833,0.491783,0.552083,0.314063,1026,5546,6572,0.15611685940353012,0.8438831405964698
497,2012-05-11,2,1,5,0,5,1,Clear,0.533333,0.520833,0.360417,0.236937,1319,5711,7030,0.18762446657183499,0.812375533428165
498,2012-05-12,2,1,5,0,6,0,Clear,0.564167,0.544817,0.480417,0.123133,2622,4807,7429,0.35294117647058826,0.6470588235294118
499,2012-05-13,2,1,5,0,0,0,Clear,0.6125,0.585238,0.57625,0.225117,2172,3946,6118,0.35501797973193855,0.6449820202680615
500,2012-05-14,2,1,5,0,1,1,Cloudy,0.573333,0.5499,0.789583,0.212692,342,2501,2843,0.12029546253957088,0.8797045374604291
501,2012-05-15,2,1,5,0,2,1,Cloudy,0.611667,0.576404,0.794583,0.147392,625,4490,5115,0.12218963831867058,0.8778103616813294
502,2012-05-16,2,1,5,0,3,1,Clear,0.636667,0.595975,0.697917,0.122512,991,6433,7424,0.13348599137931033,0.8665140086206896
503,2012-05-17,2,1,5,0,4,1,Clear,0.593333,0.572613,0.52,0.229475,1242,6142,7384,0.16820151679306608,0.831798483206934
504,2012-05-18,2,1,5,0,5,1,Clear,0.564167,0.551121,0.523333,0.136817,1521,6118,7639,0.19910983112972902,0.800890168870271
505,2012-05-19,2,1,5,0,6,0,Clear,0.6,0.566908,0.45625,0.083975,3410,4884,8294,0.41114058355437666,0.5888594164456233
506,2012-05-20,2,1,5,0,0,0,Clear,0.620833,0.583967,0.530417,0.254367,2704,4425,7129,0.37929583391780053,0.6207041660821995
507,2012-05-21,2,1,5,0,1,1,Cloudy,0.598333,0.565667,0.81125,0.233204,630,3729,4359,0.1445285615966965,0.8554714384033035
508,2012-05-22,2,1,5,0,2,1,Cloudy,0.615,0.580825,0.765833,0.118167,819,5254,6073,0.13485921290959987,0.8651407870904001
509,2012-05-23,2,1,5,0,3,1,Cloudy,0.621667,0.584612,0.774583,0.102,766,4494,5260,0.14562737642585552,0.8543726235741445
510,2012-05-24,2,1,5,0,4,1,Clear,0.655,0.6067,0.716667,0.172896,1059,5711,6770,0.15642540620384046,0.8435745937961595
511,2012-05-25,2,1,5,0,5,1,Clear,0.68,0.627529,0.747083,0.14055,1417,5317,6734,0.21042471042471042,0.7895752895752896
512,2012-05-26,2,1,5,0,6,0,Clear,0.6925,0.642696,0.7325,0.198992,2855,3681,6536,0.43681150550795594,0.5631884944920441
513,2012-05-27,2,1,5,0,0,0,Clear,0.69,0.641425,0.697083,0.215171,3283,3308,6591,0.4981034744348354,0.5018965255651646
514,2012-05-28,2,1,5,1,1,0,Clear,0.7125,0.6793,0.67625,0.196521,2557,3486,6043,0.4231342048651332,0.5768657951348668
515,2012-05-29,2,1,5,0,2,1,Clear,0.7225,0.672992,0.684583,0.2954,880,4863,5743,0.1532300191537524,0.8467699808462477
516,2012-05-30,2,1,5,0,3,1,Cloudy,0.656667,0.611129,0.67,0.134329,745,6110,6855,0.10867979576951131,0.8913202042304887
517,2012-05-31,2,1,5,0,4,1,Clear,0.68,0.631329,0.492917,0.195279,1100,6238,7338,0.14990460615971654,0.8500953938402834
518,2012-06-01,2,1,6,0,5,1,Cloudy,0.654167,0.607962,0.755417,0.237563,533,3594,4127,0.12914950327114127,0.8708504967288587
519,2012-06-02,2,1,6,0,6,0,Clear,0.583333,0.566288,0.549167,0.186562,2795,5325,8120,0.34421182266009853,0.6557881773399015
520,2012-06-03,2,1,6,0,0,0,Clear,0.6025,0.575133,0.493333,0.184087,2494,5147,7641,0.32639706844653843,0.6736029315534616
521,2012-06-04,2,1,6,0,1,1,Clear,0.5975,0.578283,0.487083,0.284833,1071,5927,6998,0.15304372677907974,0.8469562732209203
522,2012-06-05,2,1,6,0,2,1,Cloudy,0.540833,0.525892,0.613333,0.209575,968,6033,7001,0.1382659620054278,0.8617340379945722
523,2012-06-06,2,1,6,0,3,1,Clear,0.554167,0.542292,0.61125,0.077125,1027,6028,7055,0.14557051736357193,0.854429482636428
524,2012-06-07,2,1,6,0,4,1,Clear,0.6025,0.569442,0.567083,0.15735,1038,6456,7494,0.13851080864691753,0.8614891913530824
525,2012-06-08,2,1,6,0,5,1,Clear,0.649167,0.597862,0.467917,0.175383,1488,6248,7736,0.1923474663908997,0.8076525336091003
526,2012-06-09,2,1,6,0,6,0,Clear,0.710833,0.648367,0.437083,0.144287,2708,4790,7498,0.3611629767938117,0.6388370232061883
527,2012-06-10,2,1,6,0,0,0,Clear,0.726667,0.663517,0.538333,0.133721,2224,4374,6598,0.3370718399515005,0.6629281600484995
528,2012-06-11,2,1,6,0,1,1,Cloudy,0.720833,0.659721,0.587917,0.207713,1017,5647,6664,0.1526110444177671,0.8473889555822329
529,2012-06-12,2,1,6,0,2,1,Cloudy,0.653333,0.597875,0.833333,0.214546,477,4495,4972,0.09593724859211585,0.9040627514078842
530,2012-06-13,2,1,6,0,3,1,Clear,0.655833,0.611117,0.582083,0.343279,1173,6248,7421,0.158064950815254,0.841935049184746
531,2012-06-14,2,1,6,0,4,1,Clear,0.648333,0.624383,0.569583,0.253733,1180,6183,7363,0.16026076327583866,0.8397392367241614
532,2012-06-15,2,1,6,0,5,1,Clear,0.639167,0.599754,0.589583,0.176617,1563,6102,7665,0.20391389432485324,0.7960861056751468
533,2012-06-16,2,1,6,0,6,0,Clear,0.631667,0.594708,0.504167,0.166667,2963,4739,7702,0.3847052713580888,0.6152947286419111
534,2012-06-17,2,1,6,0,0,0,Clear,0.5925,0.571975,0.59875,0.144904,2634,4344,6978,0.37747205503009457,0.6225279449699054
535,2012-06-18,2,1,6,0,1,1,Cloudy,0.568333,0.544842,0.777917,0.174746,653,4446,5099,0.12806432633849774,0.8719356736615023
536,2012-06-19,2,1,6,0,2,1,Clear,0.688333,0.654692,0.69,0.148017,968,5857,6825,0.14183150183150184,0.8581684981684982
537,2012-06-20,2,1,6,0,3,1,Clear,0.7825,0.720975,0.592083,0.113812,872,5339,6211,0.1403960714860731,0.8596039285139269
538,2012-06-21,3,1,6,0,4,1,Clear,0.805833,0.752542,0.567917,0.118787,778,5127,5905,0.1317527519051651,0.8682472480948349
539,2012-06-22,3,1,6,0,5,1,Clear,0.7775,0.724121,0.57375,0.182842,964,4859,5823,0.1655504035720419,0.8344495964279581
540,2012-06-23,3,1,6,0,6,0,Clear,0.731667,0.652792,0.534583,0.179721,2657,4801,7458,0.3562617323679271,0.643738267632073
541,2012-06-24,3,1,6,0,0,0,Clear,0.743333,0.674254,0.479167,0.145525,2551,4340,6891,0.3701930053693223,0.6298069946306777
542,2012-06-25,3,1,6,0,1,1,Clear,0.715833,0.654042,0.504167,0.300383,1139,5640,6779,0.1680188818409795,0.8319811181590205
543,2012-06-26,3,1,6,0,2,1,Clear,0.630833,0.594704,0.373333,0.347642,1077,6365,7442,0.1447191615157216,0.8552808384842784
544,2012-06-27,3,1,6,0,3,1,Clear,0.6975,0.640792,0.36,0.271775,1077,6258,7335,0.14683026584867076,0.8531697341513292
545,2012-06-28,3,1,6,0,4,1,Clear,0.749167,0.675512,0.4225,0.17165,921,5958,6879,0.13388573920627997,0.86611426079372
546,2012-06-29,3,1,6,0,5,1,Clear,0.834167,0.786613,0.48875,0.165417,829,4634,5463,0.15174812374153396,0.8482518762584661
547,2012-06-30,3,1,6,0,6,0,Clear,0.765,0.687508,0.60125,0.161071,1455,4232,5687,0.2558466678389309,0.7441533321610692
548,2012-07-01,3,1,7,0,0,0,Clear,0.815833,0.750629,0.51875,0.168529,1421,4110,5531,0.2569155668052793,0.7430844331947206
549,2012-07-02,3,1,7,0,1,1,Clear,0.781667,0.702038,0.447083,0.195267,904,5323,6227,0.14517424120764413,0.8548257587923559
550,2012-07-03,3,1,7,0,2,1,Clear,0.780833,0.70265,0.492083,0.126237,1052,5608,6660,0.15795795795795795,0.842042042042042
551,2012-07-04,3,1,7,1,3,0,Clear,0.789167,0.732337,0.53875,0.13495,2562,4841,7403,0.34607591516952585,0.6539240848304742
552,2012-07-05,3,1,7,0,4,1,Clear,0.8275,0.761367,0.457917,0.194029,1405,4836,6241,0.2251241788174972,0.7748758211825028
553,2012-07-06,3,1,7,0,5,1,Clear,0.828333,0.752533,0.450833,0.146142,1366,4841,6207,0.2200741098759465,0.7799258901240534
554,2012-07-07,3,1,7,0,6,0,Clear,0.861667,0.804913,0.492083,0.163554,1448,3392,4840,0.2991735537190083,0.7008264462809918
555,2012-07-08,3,1,7,0,0,0,Clear,0.8225,0.790396,0.57375,0.125629,1203,3469,4672,0.2574914383561644,0.7425085616438356
556,2012-07-09,3,1,7,0,1,1,Cloudy,0.710833,0.654054,0.683333,0.180975,998,5571,6569,0.1519257116760542,0.8480742883239458
557,2012-07-10,3,1,7,0,2,1,Cloudy,0.720833,0.664796,0.6675,0.151737,954,5336,6290,0.15166931637519873,0.8483306836248012
558,2012-07-11,3,1,7,0,3,1,Clear,0.716667,0.650271,0.633333,0.151733,975,6289,7264,0.13422356828193832,0.8657764317180616
559,2012-07-12,3,1,7,0,4,1,Clear,0.715833,0.654683,0.529583,0.146775,1032,6414,7446,0.1385979049153908,0.8614020950846092
560,2012-07-13,3,1,7,0,5,1,Cloudy,0.731667,0.667933,0.485833,0.08085,1511,5988,7499,0.20149353247099613,0.7985064675290039
561,2012-07-14,3,1,7,0,6,0,Cloudy,0.703333,0.666042,0.699167,0.143679,2355,4614,6969,0.3379250968575118,0.6620749031424882
562,2012-07-15,3,1,7,0,0,0,Clear,0.745833,0.705196,0.717917,0.166667,1920,4111,6031,0.31835516498093186,0.6816448350190681
563,2012-07-16,3,1,7,0,1,1,Clear,0.763333,0.724125,0.645,0.164187,1088,5742,6830,0.15929721815519765,0.8407027818448023
564,2012-07-17,3,1,7,0,2,1,Clear,0.818333,0.755683,0.505833,0.114429,921,5865,6786,0.13572060123784263,0.8642793987621574
565,2012-07-18,3,1,7,0,3,1,Clear,0.793333,0.745583,0.577083,0.137442,799,4914,5713,0.1398564677052337,0.8601435322947664
566,2012-07-19,3,1,7,0,4,1,Clear,0.77,0.714642,0.600417,0.165429,888,5703,6591,0.1347291761492945,0.8652708238507055
567,2012-07-20,3,1,7,0,5,1,Cloudy,0.665833,0.613025,0.844167,0.208967,747,5123,5870,0.1272572402044293,0.8727427597955707
568,2012-07-21,3,1,7,0,6,0,Drizzling,0.595833,0.549912,0.865417,0.2133,1264,3195,4459,0.2834716304104059,0.7165283695895941
569,2012-07-22,3,1,7,0,0,0,Cloudy,0.6675,0.623125,0.7625,0.0939208,2544,4866,7410,0.34331983805668015,0.6566801619433198
570,2012-07-23,3,1,7,0,1,1,Clear,0.741667,0.690017,0.694167,0.138683,1135,5831,6966,0.16293425208153892,0.8370657479184611
571,2012-07-24,3,1,7,0,2,1,Clear,0.750833,0.70645,0.655,0.211454,1140,6452,7592,0.15015806111696522,0.8498419388830347
572,2012-07-25,3,1,7,0,3,1,Clear,0.724167,0.654054,0.45,0.1648,1383,6790,8173,0.16921571026550838,0.8307842897344916
573,2012-07-26,3,1,7,0,4,1,Clear,0.776667,0.739263,0.596667,0.284813,1036,5825,6861,0.1509983967351698,0.8490016032648302
574,2012-07-27,3,1,7,0,5,1,Clear,0.781667,0.734217,0.594583,0.152992,1259,5645,6904,0.18235805330243338,0.8176419466975666
575,2012-07-28,3,1,7,0,6,0,Clear,0.755833,0.697604,0.613333,0.15735,2234,4451,6685,0.33418100224382946,0.6658189977561705
576,2012-07-29,3,1,7,0,0,0,Clear,0.721667,0.667933,0.62375,0.170396,2153,4444,6597,0.3263604668788843,0.6736395331211157
577,2012-07-30,3,1,7,0,1,1,Clear,0.730833,0.684987,0.66875,0.153617,1040,6065,7105,0.14637579169598874,0.8536242083040113
578,2012-07-31,3,1,7,0,2,1,Clear,0.713333,0.662896,0.704167,0.165425,968,6248,7216,0.13414634146341464,0.8658536585365854
579,2012-08-01,3,1,8,0,3,1,Clear,0.7175,0.667308,0.6775,0.141179,1074,6506,7580,0.141688654353562,0.858311345646438
580,2012-08-02,3,1,8,0,4,1,Clear,0.7525,0.707088,0.659583,0.129354,983,6278,7261,0.13538080154248727,0.8646191984575128
581,2012-08-03,3,1,8,0,5,1,Cloudy,0.765833,0.722867,0.6425,0.215792,1328,5847,7175,0.1850871080139373,0.8149128919860628
582,2012-08-04,3,1,8,0,6,0,Clear,0.793333,0.751267,0.613333,0.257458,2345,4479,6824,0.3436400937866354,0.6563599062133646
583,2012-08-05,3,1,8,0,0,0,Clear,0.769167,0.731079,0.6525,0.290421,1707,3757,5464,0.31240849194729137,0.6875915080527086
584,2012-08-06,3,1,8,0,1,1,Cloudy,0.7525,0.710246,0.654167,0.129354,1233,5780,7013,0.17581634108084984,0.8241836589191501
585,2012-08-07,3,1,8,0,2,1,Cloudy,0.735833,0.697621,0.70375,0.116908,1278,5995,7273,0.17571841055960402,0.824281589440396
586,2012-08-08,3,1,8,0,3,1,Cloudy,0.75,0.707717,0.672917,0.1107,1263,6271,7534,0.167640031855588,0.832359968144412
587,2012-08-09,3,1,8,0,4,1,Clear,0.755833,0.699508,0.620417,0.1561,1196,6090,7286,0.16415042547351083,0.8358495745264891
588,2012-08-10,3,1,8,0,5,1,Cloudy,0.715833,0.667942,0.715833,0.238813,1065,4721,5786,0.18406498444521258,0.8159350155547874
589,2012-08-11,3,1,8,0,6,0,Cloudy,0.6925,0.638267,0.732917,0.206479,2247,4052,6299,0.3567232894110176,0.6432767105889824
590,2012-08-12,3,1,8,0,0,0,Clear,0.700833,0.644579,0.530417,0.122512,2182,4362,6544,0.33343520782396086,0.6665647921760391
591,2012-08-13,3,1,8,0,1,1,Clear,0.720833,0.662254,0.545417,0.136212,1207,5676,6883,0.17535958157780038,0.8246404184221996
592,2012-08-14,3,1,8,0,2,1,Clear,0.726667,0.676779,0.686667,0.169158,1128,5656,6784,0.16627358490566038,0.8337264150943396
593,2012-08-15,3,1,8,0,3,1,Clear,0.706667,0.654037,0.619583,0.169771,1198,6149,7347,0.16305975227984212,0.8369402477201578
594,2012-08-16,3,1,8,0,4,1,Clear,0.719167,0.654688,0.519167,0.141796,1338,6267,7605,0.17593688362919133,0.8240631163708086
595,2012-08-17,3,1,8,0,5,1,Clear,0.723333,0.2424,0.570833,0.231354,1483,5665,7148,0.20747062115277,0.79252937884723
596,2012-08-18,3,1,8,0,6,0,Clear,0.678333,0.618071,0.603333,0.177867,2827,5038,7865,0.3594405594405594,0.6405594405594406
597,2012-08-19,3,1,8,0,0,0,Cloudy,0.635833,0.603554,0.711667,0.08645,1208,3341,4549,0.26555286876236533,0.7344471312376346
598,2012-08-20,3,1,8,0,1,1,Cloudy,0.635833,0.595967,0.734167,0.129979,1026,5504,6530,0.1571209800918836,0.8428790199081164
599,2012-08-21,3,1,8,0,2,1,Clear,0.649167,0.601025,0.67375,0.0727708,1081,5925,7006,0.1542963174421924,0.8457036825578076
600,2012-08-22,3,1,8,0,3,1,Clear,0.6675,0.621854,0.677083,0.0702833,1094,6281,7375,0.14833898305084744,0.8516610169491525
601,2012-08-23,3,1,8,0,4,1,Clear,0.695833,0.637008,0.635833,0.0845958,1363,6402,7765,0.17553122987765615,0.8244687701223439
602,2012-08-24,3,1,8,0,5,1,Cloudy,0.7025,0.6471,0.615,0.0721458,1325,6257,7582,0.17475600105513056,0.8252439989448694
603,2012-08-25,3,1,8,0,6,0,Cloudy,0.661667,0.618696,0.712917,0.244408,1829,4224,6053,0.3021642160911944,0.6978357839088055
604,2012-08-26,3,1,8,0,0,0,Cloudy,0.653333,0.595996,0.845833,0.228858,1483,3772,5255,0.28220742150333017,0.7177925784966699
605,2012-08-27,3,1,8,0,1,1,Clear,0.703333,0.654688,0.730417,0.128733,989,5928,6917,0.14298106115367934,0.8570189388463206
606,2012-08-28,3,1,8,0,2,1,Clear,0.728333,0.66605,0.62,0.190925,935,6105,7040,0.1328125,0.8671875
607,2012-08-29,3,1,8,0,3,1,Clear,0.685,0.635733,0.552083,0.112562,1177,6520,7697,0.15291672080031182,0.8470832791996882
608,2012-08-30,3,1,8,0,4,1,Clear,0.706667,0.652779,0.590417,0.0771167,1172,6541,7713,0.15195125113444832,0.8480487488655517
609,2012-08-31,3,1,8,0,5,1,Clear,0.764167,0.6894,0.5875,0.168533,1433,5917,7350,0.1949659863945578,0.8050340136054421
610,2012-09-01,3,1,9,0,6,0,Cloudy,0.753333,0.702654,0.638333,0.113187,2352,3788,6140,0.38306188925081436,0.6169381107491857
611,2012-09-02,3,1,9,0,0,0,Cloudy,0.696667,0.649,0.815,0.0640708,2613,3197,5810,0.4497418244406196,0.5502581755593804
612,2012-09-03,3,1,9,1,1,0,Clear,0.7075,0.661629,0.790833,0.151121,1965,4069,6034,0.3256546237984753,0.6743453762015247
613,2012-09-04,3,1,9,0,2,1,Clear,0.725833,0.686888,0.755,0.236321,867,5997,6864,0.1263111888111888,0.8736888111888111
614,2012-09-05,3,1,9,0,3,1,Clear,0.736667,0.708983,0.74125,0.187808,832,6280,7112,0.11698537682789652,0.8830146231721034
615,2012-09-06,3,1,9,0,4,1,Cloudy,0.696667,0.655329,0.810417,0.142421,611,5592,6203,0.09850072545542479,0.9014992745445752
616,2012-09-07,3,1,9,0,5,1,Clear,0.703333,0.657204,0.73625,0.171646,1045,6459,7504,0.1392590618336887,0.8607409381663113
617,2012-09-08,3,1,9,0,6,0,Cloudy,0.659167,0.611121,0.799167,0.281104,1557,4419,5976,0.2605421686746988,0.7394578313253012
618,2012-09-09,3,1,9,0,0,0,Clear,0.61,0.578925,0.5475,0.224496,2570,5657,8227,0.31238604594627445,0.6876139540537255
619,2012-09-10,3,1,9,0,1,1,Clear,0.583333,0.565654,0.50375,0.258713,1118,6407,7525,0.14857142857142858,0.8514285714285714
620,2012-09-11,3,1,9,0,2,1,Clear,0.5775,0.554292,0.52,0.0920542,1070,6697,7767,0.13776232779709024,0.8622376722029097
621,2012-09-12,3,1,9,0,3,1,Clear,0.599167,0.570075,0.577083,0.131846,1050,6820,7870,0.13341804320203304,0.866581956797967
622,2012-09-13,3,1,9,0,4,1,Clear,0.6125,0.579558,0.637083,0.0827208,1054,6750,7804,0.13505894413121478,0.8649410558687852
623,2012-09-14,3,1,9,0,5,1,Clear,0.633333,0.594083,0.6725,0.103863,1379,6630,8009,0.1721812960419528,0.8278187039580472
624,2012-09-15,3,1,9,0,6,0,Clear,0.608333,0.585867,0.501667,0.247521,3160,5554,8714,0.36263484048657335,0.6373651595134266
625,2012-09-16,3,1,9,0,0,0,Clear,0.58,0.563125,0.57,0.0901833,2166,5167,7333,0.29537706259375424,0.7046229374062457
626,2012-09-17,3,1,9,0,1,1,Cloudy,0.580833,0.55305,0.734583,0.151742,1022,5847,6869,0.14878439365264232,0.8512156063473577
627,2012-09-18,3,1,9,0,2,1,Cloudy,0.623333,0.565067,0.8725,0.357587,371,3702,4073,0.09108765038055487,0.9089123496194451
628,2012-09-19,3,1,9,0,3,1,Clear,0.5525,0.540404,0.536667,0.215175,788,6803,7591,0.10380714003425108,0.8961928599657489
629,2012-09-20,3,1,9,0,4,1,Clear,0.546667,0.532192,0.618333,0.118167,939,6781,7720,0.1216321243523316,0.8783678756476684
630,2012-09-21,3,1,9,0,5,1,Clear,0.599167,0.571971,0.66875,0.154229,1250,6917,8167,0.15305497734786336,0.8469450226521367
631,2012-09-22,3,1,9,0,6,0,Clear,0.65,0.610488,0.646667,0.283583,2512,5883,8395,0.29922572960095295,0.700774270399047
632,2012-09-23,4,1,9,0,0,0,Clear,0.529167,0.518933,0.467083,0.223258,2454,5453,7907,0.31035791071202734,0.6896420892879727
633,2012-09-24,4,1,9,0,1,1,Clear,0.514167,0.502513,0.492917,0.142404,1001,6435,7436,0.1346153846153846,0.8653846153846154
634,2012-09-25,4,1,9,0,2,1,Clear,0.55,0.544179,0.57,0.236321,845,6693,7538,0.11209869992040329,0.8879013000795967
635,2012-09-26,4,1,9,0,3,1,Clear,0.635,0.596613,0.630833,0.2444,787,6946,7733,0.10177162808741756,0.8982283719125824
636,2012-09-27,4,1,9,0,4,1,Cloudy,0.65,0.607975,0.690833,0.134342,751,6642,7393,0.10158257811443257,0.8984174218855674
637,2012-09-28,4,1,9,0,5,1,Cloudy,0.619167,0.585863,0.69,0.164179,1045,6370,7415,0.1409305461901551,0.8590694538098449
638,2012-09-29,4,1,9,0,6,0,Clear,0.5425,0.530296,0.542917,0.227604,2589,5966,8555,0.3026300409117475,0.6973699590882525
639,2012-09-30,4,1,9,0,0,0,Clear,0.526667,0.517663,0.583333,0.134958,2015,4874,6889,0.2924952823341559,0.7075047176658441
640,2012-10-01,4,1,10,0,1,1,Cloudy,0.520833,0.512,0.649167,0.0908042,763,6015,6778,0.11257007966951903,0.887429920330481
641,2012-10-02,4,1,10,0,2,1,Drizzling,0.590833,0.542333,0.871667,0.104475,315,4324,4639,0.06790256520801898,0.932097434791981
642,2012-10-03,4,1,10,0,3,1,Cloudy,0.6575,0.599133,0.79375,0.0665458,728,6844,7572,0.09614368726888536,0.9038563127311147
643,2012-10-04,4,1,10,0,4,1,Cloudy,0.6575,0.607975,0.722917,0.117546,891,6437,7328,0.12158842794759825,0.8784115720524017
644,2012-10-05,4,1,10,0,5,1,Clear,0.615,0.580187,0.6275,0.10635,1516,6640,8156,0.18587542913192742,0.8141245708680726
645,2012-10-06,4,1,10,0,6,0,Clear,0.554167,0.538521,0.664167,0.268025,3031,4934,7965,0.3805398618957941,0.6194601381042059
646,2012-10-07,4,1,10,0,0,0,Cloudy,0.415833,0.419813,0.708333,0.141162,781,2729,3510,0.2225071225071225,0.7774928774928775
647,2012-10-08,4,1,10,1,1,0,Cloudy,0.383333,0.387608,0.709583,0.189679,874,4604,5478,0.15954728002920773,0.8404527199707923
648,2012-10-09,4,1,10,0,2,1,Cloudy,0.446667,0.438112,0.761667,0.1903,601,5791,6392,0.09402377972465582,0.9059762202753442
649,2012-10-10,4,1,10,0,3,1,Clear,0.514167,0.503142,0.630833,0.187821,780,6911,7691,0.10141724093095826,0.8985827590690417
650,2012-10-11,4,1,10,0,4,1,Clear,0.435,0.431167,0.463333,0.181596,834,6736,7570,0.11017173051519155,0.8898282694848084
651,2012-10-12,4,1,10,0,5,1,Clear,0.4375,0.433071,0.539167,0.235092,1060,6222,7282,0.1455644053831365,0.8544355946168635
652,2012-10-13,4,1,10,0,6,0,Clear,0.393333,0.391396,0.494583,0.146142,2252,4857,7109,0.3167815445210297,0.6832184554789703
653,2012-10-14,4,1,10,0,0,0,Clear,0.521667,0.508204,0.640417,0.278612,2080,4559,6639,0.31330019581262236,0.6866998041873776
654,2012-10-15,4,1,10,0,1,1,Cloudy,0.561667,0.53915,0.7075,0.296037,760,5115,5875,0.12936170212765957,0.8706382978723404
655,2012-10-16,4,1,10,0,2,1,Clear,0.468333,0.460846,0.558333,0.182221,922,6612,7534,0.12237855057074595,0.877621449429254
656,2012-10-17,4,1,10,0,3,1,Clear,0.455833,0.450108,0.692917,0.101371,979,6482,7461,0.13121565473797078,0.8687843452620292
657,2012-10-18,4,1,10,0,4,1,Cloudy,0.5225,0.512625,0.728333,0.236937,1008,6501,7509,0.13423891330403515,0.8657610866959649
658,2012-10-19,4,1,10,0,5,1,Cloudy,0.563333,0.537896,0.815,0.134954,753,4671,5424,0.1388274336283186,0.8611725663716814
659,2012-10-20,4,1,10,0,6,0,Clear,0.484167,0.472842,0.572917,0.117537,2806,5284,8090,0.34684796044499383,0.6531520395550062
660,2012-10-21,4,1,10,0,0,0,Clear,0.464167,0.456429,0.51,0.166054,2132,4692,6824,0.31242672919109027,0.6875732708089097
661,2012-10-22,4,1,10,0,1,1,Clear,0.4875,0.482942,0.568333,0.0814833,830,6228,7058,0.11759705298951545,0.8824029470104846
662,2012-10-23,4,1,10,0,2,1,Clear,0.544167,0.530304,0.641667,0.0945458,841,6625,7466,0.11264398607018483,0.8873560139298151
663,2012-10-24,4,1,10,0,3,1,Clear,0.5875,0.558721,0.63625,0.0727792,795,6898,7693,0.10334069933705967,0.8966593006629403
664,2012-10-25,4,1,10,0,4,1,Cloudy,0.55,0.529688,0.800417,0.124375,875,6484,7359,0.11890202473162115,0.8810979752683789
665,2012-10-26,4,1,10,0,5,1,Cloudy,0.545833,0.52275,0.807083,0.132467,1182,6262,7444,0.15878559914024717,0.8412144008597529
666,2012-10-27,4,1,10,0,6,0,Cloudy,0.53,0.515133,0.72,0.235692,2643,5209,7852,0.33660213958227203,0.663397860417728
667,2012-10-28,4,1,10,0,0,0,Cloudy,0.4775,0.467771,0.694583,0.398008,998,3461,4459,0.22381699932720342,0.7761830006727966
668,2012-10-29,4,1,10,0,1,1,Drizzling,0.44,0.4394,0.88,0.3582,2,20,22,0.09090909090909091,0.9090909090909091
669,2012-10-30,4,1,10,0,2,1,Cloudy,0.318182,0.309909,0.825455,0.213009,87,1009,1096,0.07937956204379562,0.9206204379562044
670,2012-10-31,4,1,10,0,3,1,Cloudy,0.3575,0.3611,0.666667,0.166667,419,5147,5566,0.07527847646424722,0.9247215235357528
671,2012-11-01,4,1,11,0,4,1,Cloudy,0.365833,0.369942,0.581667,0.157346,466,5520,5986,0.07784831272970263,0.9221516872702974
672,2012-11-02,4,1,11,0,5,1,Clear,0.355,0.356042,0.522083,0.266175,618,5229,5847,0.10569522832221652,0.8943047716777834
673,2012-11-03,4,1,11,0,6,0,Cloudy,0.343333,0.323846,0.49125,0.270529,1029,4109,5138,0.20027247956403268,0.7997275204359673
674,2012-11-04,4,1,11,0,0,0,Clear,0.325833,0.329538,0.532917,0.179108,1201,3906,5107,0.23516741727041315,0.7648325827295869
675,2012-11-05,4,1,11,0,1,1,Clear,0.319167,0.308075,0.494167,0.236325,378,4881,5259,0.07187678265830005,0.9281232173416999
676,2012-11-06,4,1,11,0,2,1,Clear,0.280833,0.281567,0.567083,0.173513,466,5220,5686,0.08195568061906437,0.9180443193809357
677,2012-11-07,4,1,11,0,3,1,Cloudy,0.295833,0.274621,0.5475,0.304108,326,4709,5035,0.064746772591857,0.935253227408143
678,2012-11-08,4,1,11,0,4,1,Clear,0.352174,0.341891,0.333478,0.347835,340,4975,5315,0.06396989651928504,0.9360301034807149
679,2012-11-09,4,1,11,0,5,1,Clear,0.361667,0.355413,0.540833,0.214558,709,5283,5992,0.11832443257676903,0.8816755674232309
680,2012-11-10,4,1,11,0,6,0,Clear,0.389167,0.393937,0.645417,0.0578458,2090,4446,6536,0.31976744186046513,0.6802325581395349
681,2012-11-11,4,1,11,0,0,0,Clear,0.420833,0.421713,0.659167,0.1275,2290,4562,6852,0.3342089900758903,0.6657910099241098
682,2012-11-12,4,1,11,1,1,0,Clear,0.485,0.475383,0.741667,0.173517,1097,5172,6269,0.1749880363694369,0.8250119636305631
683,2012-11-13,4,1,11,0,2,1,Cloudy,0.343333,0.323225,0.662917,0.342046,327,3767,4094,0.07987298485588666,0.9201270151441133
684,2012-11-14,4,1,11,0,3,1,Clear,0.289167,0.281563,0.552083,0.199625,373,5122,5495,0.06787989080982712,0.9321201091901729
685,2012-11-15,4,1,11,0,4,1,Cloudy,0.321667,0.324492,0.620417,0.152987,320,5125,5445,0.05876951331496786,0.9412304866850322
686,2012-11-16,4,1,11,0,5,1,Clear,0.345,0.347204,0.524583,0.171025,484,5214,5698,0.08494208494208494,0.915057915057915
687,2012-11-17,4,1,11,0,6,0,Clear,0.325,0.326383,0.545417,0.179729,1313,4316,5629,0.23325635103926096,0.766743648960739
688,2012-11-18,4,1,11,0,0,0,Clear,0.3425,0.337746,0.692917,0.227612,922,3747,4669,0.1974726922253159,0.8025273077746841
689,2012-11-19,4,1,11,0,1,1,Cloudy,0.380833,0.375621,0.623333,0.235067,449,5050,5499,0.08165120931078378,0.9183487906892163
690,2012-11-20,4,1,11,0,2,1,Cloudy,0.374167,0.380667,0.685,0.082725,534,5100,5634,0.09478168264110756,0.9052183173588925
691,2012-11-21,4,1,11,0,3,1,Clear,0.353333,0.364892,0.61375,0.103246,615,4531,5146,0.11951029926156238,0.8804897007384376
692,2012-11-22,4,1,11,1,4,0,Clear,0.34,0.350371,0.580417,0.0528708,955,1470,2425,0.3938144329896907,0.6061855670103092
693,2012-11-23,4,1,11,0,5,1,Clear,0.368333,0.378779,0.56875,0.148021,1603,2307,3910,0.40997442455242966,0.5900255754475703
694,2012-11-24,4,1,11,0,6,0,Clear,0.278333,0.248742,0.404583,0.376871,532,1745,2277,0.23364075537988582,0.7663592446201142
695,2012-11-25,4,1,11,0,0,0,Clear,0.245833,0.257583,0.468333,0.1505,309,2115,2424,0.12747524752475248,0.8725247524752475
696,2012-11-26,4,1,11,0,1,1,Clear,0.313333,0.339004,0.535417,0.04665,337,4750,5087,0.0662472970316493,0.9337527029683507
697,2012-11-27,4,1,11,0,2,1,Cloudy,0.291667,0.281558,0.786667,0.237562,123,3836,3959,0.031068451629199294,0.9689315483708008
698,2012-11-28,4,1,11,0,3,1,Clear,0.296667,0.289762,0.50625,0.210821,198,5062,5260,0.0376425855513308,0.9623574144486692
699,2012-11-29,4,1,11,0,4,1,Clear,0.28087,0.298422,0.555652,0.115522,243,5080,5323,0.04565094871313169,0.9543490512868683
700,2012-11-30,4,1,11,0,5,1,Clear,0.298333,0.323867,0.649583,0.0584708,362,5306,5668,0.06386732533521525,0.9361326746647848
701,2012-12-01,4,1,12,0,6,0,Cloudy,0.298333,0.316904,0.806667,0.0597042,951,4240,5191,0.1832016952417646,0.8167983047582354
702,2012-12-02,4,1,12,0,0,0,Cloudy,0.3475,0.359208,0.823333,0.124379,892,3757,4649,0.19186921918692193,0.8081307808130781
703,2012-12-03,4,1,12,0,1,1,Clear,0.4525,0.455796,0.7675,0.0827208,555,5679,6234,0.08902791145332051,0.9109720885466795
704,2012-12-04,4,1,12,0,2,1,Clear,0.475833,0.469054,0.73375,0.174129,551,6055,6606,0.0834090221011202,0.9165909778988798
705,2012-12-05,4,1,12,0,3,1,Clear,0.438333,0.428012,0.485,0.324021,331,5398,5729,0.057776226217489964,0.94222377378251
706,2012-12-06,4,1,12,0,4,1,Clear,0.255833,0.258204,0.50875,0.174754,340,5035,5375,0.06325581395348837,0.9367441860465117
707,2012-12-07,4,1,12,0,5,1,Cloudy,0.320833,0.321958,0.764167,0.1306,349,4659,5008,0.0696884984025559,0.9303115015974441
708,2012-12-08,4,1,12,0,6,0,Cloudy,0.381667,0.389508,0.91125,0.101379,1153,4429,5582,0.20655678968111787,0.7934432103188821
709,2012-12-09,4,1,12,0,0,0,Cloudy,0.384167,0.390146,0.905417,0.157975,441,2787,3228,0.1366171003717472,0.8633828996282528
710,2012-12-10,4,1,12,0,1,1,Cloudy,0.435833,0.435575,0.925,0.190308,329,4841,5170,0.06363636363636363,0.9363636363636364
711,2012-12-11,4,1,12,0,2,1,Cloudy,0.353333,0.338363,0.596667,0.296037,282,5219,5501,0.05126340665333576,0.9487365933466643
712,2012-12-12,4,1,12,0,3,1,Cloudy,0.2975,0.297338,0.538333,0.162937,310,5009,5319,0.0582816318856928,0.9417183681143072
713,2012-12-13,4,1,12,0,4,1,Clear,0.295833,0.294188,0.485833,0.174129,425,5107,5532,0.07682574114244396,0.923174258857556
714,2012-12-14,4,1,12,0,5,1,Clear,0.281667,0.294192,0.642917,0.131229,429,5182,5611,0.07645695954375334,0.9235430404562467
715,2012-12-15,4,1,12,0,6,0,Clear,0.324167,0.338383,0.650417,0.10635,767,4280,5047,0.15197146819893007,0.84802853180107
716,2012-12-16,4,1,12,0,0,0,Cloudy,0.3625,0.369938,0.83875,0.100742,538,3248,3786,0.1421024828314844,0.8578975171685156
717,2012-12-17,4,1,12,0,1,1,Cloudy,0.393333,0.4015,0.907083,0.0982583,212,4373,4585,0.04623773173391494,0.953762268266085
718,2012-12-18,4,1,12,0,2,1,Clear,0.410833,0.409708,0.66625,0.221404,433,5124,5557,0.07791974086737448,0.9220802591326255
719,2012-12-19,4,1,12,0,3,1,Clear,0.3325,0.342162,0.625417,0.184092,333,4934,5267,0.06322384659198785,0.9367761534080121
720,2012-12-20,4,1,12,0,4,1,Cloudy,0.33,0.335217,0.667917,0.132463,314,3814,4128,0.07606589147286821,0.9239341085271318
721,2012-12-21,1,1,12,0,5,1,Cloudy,0.326667,0.301767,0.556667,0.374383,221,3402,3623,0.06099917195694176,0.9390008280430583
722,2012-12-22,1,1,12,0,6,0,Clear,0.265833,0.236113,0.44125,0.407346,205,1544,1749,0.11720983419096627,0.8827901658090337
723,2012-12-23,1,1,12,0,0,0,Clear,0.245833,0.259471,0.515417,0.133083,408,1379,1787,0.22831561275881365,0.7716843872411864
724,2012-12-24,1,1,12,0,1,1,Cloudy,0.231304,0.2589,0.791304,0.0772304,174,746,920,0.1891304347826087,0.8108695652173913
725,2012-12-25,1,1,12,1,2,0,Cloudy,0.291304,0.294465,0.734783,0.168726,440,573,1013,0.43435340572556763,0.5656465942744324
726,2012-12-26,1,1,12,0,3,1,Drizzling,0.243333,0.220333,0.823333,0.316546,9,432,441,0.02040816326530612,0.9795918367346939
727,2012-12-27,1,1,12,0,4,1,Cloudy,0.254167,0.226642,0.652917,0.350133,247,1867,2114,0.11684011352885525,0.8831598864711447
728,2012-12-28,1,1,12,0,5,1,Cloudy,0.253333,0.255046,0.59,0.155471,644,2451,3095,0.20807754442649434,0.7919224555735056
729,2012-12-29,1,1,12,0,6,0,Cloudy,0.253333,0.2424,0.752917,0.124383,159,1182,1341,0.1185682326621924,0.8814317673378076
730,2012-12-30,1,1,12,0,0,0,Clear,0.255833,0.2317,0.483333,0.350754,364,1432,1796,0.2026726057906459,0.7973273942093542
731,2012-12-31,1,1,12,0,1,1,Cloudy,0.215833,0.223487,0.5775,0.154846,439,2290,2729,0.160864785635764,0.839135214364236
